72.2,1.1,1.5,0.3,0.5,-1.0,0.2,1.3,-1.3,0.1,1.3,0.5,0.1,0.3,1.0,-1.4,-0.7,-0.1,-0.1,0.6,1.2,0.8,1.6,1.2,-0.2,-1.7,0.5,-0.2,-0.2,-0.3,0.5,-0.2,1.4,0.8,-1.2,-0.4,1.3,-1.4,0.2,-0.7,0.9,0.3,1.3,0.3,-1.3,0.2,-0.3,-0.7,0.1,-1.3,-0.6,1.2,1.3,0.1,0.1,0.4,1.2,0.1,-0.1,0.2,0.2,-0.2,0.6,0.8,0.6,-1.5,-0.6,1.6,-0.2,1.0,1.0,-1.0,-0.8,0.3,-1.7,1.4,-0.2,-0.9,-0.1,1.5,-0.2,-0.6,1.4,1.3,1.1,0.6,1.6,-1.8,-0.1,-0.1,-0.1,-0.6,0.5,0.1,-0.5,-1.2,-0.7,0.4,1.5,-0.2
1.1,68.3,-1.0,0.3,1.6,1.1,-0.1,-0.1,-0.5,0.2,-0.2,-0.6,1.1,0.4,-0.2,-0.8,1.7,0.3,0.2,-0.3,0.8,1.8,-0.1,-0.2,-0.3,1.2,-0.7,-1.7,0.2,1.2,0.4,0.1,0.5,0.6,0.1,-0.7,-0.2,-1.1,-0.9,-0.7,-0.1,0.7,-0.5,-0.6,0.5,-0.5,-0.5,-0.2,0.3,-0.8,-0.7,0.3,0.1,0.6,0.6,-1.3,0.2,0.5,1.5,0.7,-0.5,-0.2,-0.3,0.1,1.2,-1.0,-0.4,-0.7,1.1,0.1,-0.1,-0.5,-1.4,1.5,1.0,-0.8,-1.6,-1.4,-0.2,-0.3,0.6,-0.7,1.2,-0.8,-0.2,1.1,0.8,0.6,-1.3,-1.8,0.3,0.5,-1.1,-1.1,-1.0,1.2,0.7,-0.9,-0.4,-1.1
1.5,-1.0,64.0,0.5,-0.2,-1.4,-0.1,0.7,-0.6,-0.2,0.4,0.6,0.3,-0.5,0.9,1.4,0.2,0.1,1.1,-0.6,-0.7,1.1,0.2,0.7,-1.1,0.4,0.5,0.1,-0.3,-0.7,-0.9,-1.2,-0.3,0.3,0.6,1.0,0.1,0.6,-1.1,0.1,-0.4,-0.5,0.9,-0.2,0.7,-1.2,-0.5,1.2,0.1,0.3,0.8,-0.3,-1.0,-0.1,0.2,-0.3,-0.4,-1.4,-0.3,-1.7,1.0,-0.2,0.5,-0.3,-0.9,0.8,0.5,0.1,-0.2,-1.1,-1.5,-1.0,-0.7,-1.3,0.5,0.7,0.4,0.2,-1.5,-0.5,-0.1,-0.9,1.5,0.6,0.9,-0.2,1.0,0.5,0.8,-0.8,0.5,0.7,0.9,-0.6,0.8,0.1,0.4,1.8,0.1,-0.1
0.3,0.3,0.5,66.4,-0.9,-0.7,0.1,0.1,0.5,-1.0,-1.3,1.1,-1.1,0.8,0.2,0.5,1.0,-0.1,-1.6,-0.6,0.6,-0.8,0.8,0.4,0.5,0.1,1.3,-0.7,1.4,-0.3,0.5,0.4,0.1,-0.3,0.8,0.7,-1.1,-1.1,-1.1,-0.7,1.2,-0.8,1.0,-0.1,-0.2,-1.6,-0.6,-1.0,0.1,0.1,-0.3,-0.5,-1.0,0.6,0.4,-1.5,0.1,0.9,0.6,-0.8,-0.1,0.4,-0.2,-0.5,0.8,-0.1,-1.4,1.1,-0.2,-0.6,0.6,0.1,0.8,-0.1,-0.1,0.6,1.1,-0.2,0.4,-0.7,-0.3,0.5,1.2,-1.1,1.7,-0.1,0.7,0.6,1.5,0.6,-0.4,-0.9,-1.4,1.3,0.6,0.7,-1.2,-1.0,0.4,-0.3
0.5,1.6,-0.2,-0.9,69.5,0.1,0.1,-0.7,-1.1,1.2,-0.3,0.2,0.8,-0.6,0.1,-0.3,-0.9,-0.4,-1.6,0.8,-0.8,0.4,1.6,-0.5,1.0,-0.1,-0.5,1.4,1.3,-0.3,0.8,0.1,1.7,0.6,0.4,-0.1,0.4,-0.6,-0.3,-0.5,-0.5,-1.1,-1.0,1.0,0.7,-0.4,0.5,0.1,-0.8,-0.9,0.2,0.9,-0.5,0.8,0.8,0.3,-0.9,1.9,-1.1,-1.5,-1.0,0.1,0.4,0.1,-0.8,0.1,-1.2,0.6,0.3,0.5,-0.5,-0.4,-0.4,-1.1,0.1,-0.6,1.6,-0.9,-0.5,0.6,1.6,0.3,0.7,0.2,-1.0,-0.6,-0.3,-0.3,-1.7,-1.7,-0.4,-1.5,0.2,0.4,1.1,-0.6,1.2,-0.4,0.3,-1.5
-1.0,1.1,-1.4,-0.7,0.1,64.7,-0.6,-1.6,1.1,0.1,-0.7,-0.4,-0.2,-0.1,0.6,1.1,0.7,0.8,-0.3,-0.2,-0.1,-0.1,-0.6,1.2,-0.5,-1.0,0.4,-0.4,1.2,-0.5,1.4,0.4,-0.5,1.3,0.5,-0.3,0.3,0.5,0.4,0.8,0.7,0.4,-0.1,1.1,0.1,-1.1,-0.1,0.4,-1.1,-0.4,-0.8,-0.6,-1.1,-0.4,-0.4,1.5,-0.6,-0.8,-0.2,1.6,0.8,0.2,0.8,-1.4,-0.4,-0.6,1.0,-0.8,1.2,0.1,-1.2,1.0,-1.0,0.8,0.1,0.1,-0.2,-0.2,-1.6,1.4,-1.0,1.5,0.1,0.2,-0.6,-0.8,0.2,0.8,0.1,-0.8,0.1,-0.7,0.4,0.3,0.1,-0.5,1.4,0.9,-0.5,-0.1
0.2,-0.1,-0.1,0.1,0.1,-0.6,67.5,-0.3,-1.2,0.1,-0.7,-1.5,-0.4,0.1,1.2,1.2,1.0,0.1,-0.4,1.5,-0.1,-0.2,-0.2,-1.1,-1.7,-1.1,0.5,-0.4,0.6,0.9,1.4,0.9,0.9,0.8,-0.2,-0.6,0.4,1.2,1.6,0.1,1.2,-0.3,-1.5,0.3,0.6,-1.1,-1.5,0.8,-1.1,-0.7,0.9,-0.5,0.1,-0.1,-0.6,0.6,1.1,0.9,1.4,-1.0,-0.1,0.1,0.2,0.3,0.8,-0.3,-0.1,-1.3,0.7,-0.7,0.3,0.4,-0.6,-1.9,-1.3,0.5,1.0,1.2,0.2,0.1,1.0,-0.4,0.4,-0.4,1.5,-0.1,0.7,1.5,0.4,-0.1,-1.3,-0.2,1.4,-0.1,1.1,-0.1,-1.2,-0.1,1.0,0.3
1.3,-0.1,0.7,0.1,-0.7,-1.6,-0.3,64.0,0.6,-0.1,0.1,0.1,-0.2,1.6,0.8,-1.7,-0.9,0.3,-0.4,-0.6,0.1,1.6,0.9,0.8,-0.4,-0.9,0.5,1.1,0.1,0.9,0.1,-0.4,-0.1,-0.4,-0.6,-0.6,-0.4,0.1,-0.9,-0.5,0.1,0.7,0.1,0.5,-0.2,0.4,-1.2,-0.9,1.4,-0.7,0.2,-1.2,0.3,-1.2,0.1,0.9,-0.2,1.3,1.8,1.0,-1.0,0.8,0.4,-0.2,-1.1,1.8,0.2,0.3,-0.7,-0.3,0.4,-1.5,0.1,0.5,-0.4,1.2,1.0,-0.4,-1.4,-0.9,-0.2,0.5,1.6,-0.2,0.9,1.1,0.1,0.4,0.5,-0.1,-0.8,-1.1,0.6,0.1,0.3,0.7,0.1,0.1,0.3,-1.7
-1.3,-0.5,-0.6,0.5,-1.1,1.1,-1.2,0.6,67.6,0.1,0.1,-0.9,-0.7,0.1,0.6,0.1,-0.2,-1.4,1.1,0.2,-1.5,1.6,-1.4,0.1,-0.2,1.7,-1.0,-0.6,-0.9,0.3,0.7,1.3,-0.1,-1.8,-0.5,-0.3,0.5,0.4,1.3,-0.1,0.1,-0.2,0.8,-0.1,0.6,0.4,0.2,0.4,-0.5,-0.5,0.7,1.8,-0.3,-1.0,0.2,-0.9,-0.1,0.4,-0.9,0.1,0.7,0.9,-0.4,0.8,0.5,-0.8,-0.5,1.1,1.3,0.7,1.6,-1.1,0.1,-1.2,-0.3,0.6,-0.8,-0.1,0.2,1.2,-0.5,0.2,0.1,0.8,0.8,-1.3,1.0,0.3,0.1,0.4,-0.4,-0.1,0.7,-0.9,0.8,-1.0,0.9,1.8,-0.8,-0.9
0.1,0.2,-0.2,-1.0,1.2,0.1,0.1,-0.1,0.1,65.1,1.4,-1.7,-0.9,0.4,0.5,-0.1,-0.6,-0.5,0.8,0.3,-1.3,-0.2,0.9,1.8,1.2,-0.8,0.7,1.2,0.1,-1.4,1.3,0.6,-1.1,-0.1,1.5,-1.5,1.4,-1.0,-0.6,0.2,0.5,-0.3,-1.1,1.0,0.8,0.8,-0.4,1.2,-0.4,0.5,0.7,0.1,-0.9,-1.3,0.1,1.2,-0.4,0.3,1.5,1.2,0.8,-0.2,0.9,-0.2,-0.1,-0.5,-0.9,-1.8,0.3,-0.2,0.7,1.5,1.0,0.3,-0.8,0.1,-0.9,0.1,1.0,0.1,0.1,-0.4,-0.4,-0.1,0.5,-0.3,-0.6,0.3,0.1,0.7,1.1,0.4,1.5,0.3,0.1,-0.2,-0.3,-0.5,-0.8,0.1
1.3,-0.2,0.4,-1.3,-0.3,-0.7,-0.7,0.1,0.1,1.4,67.6,0.4,-0.3,-1.5,0.7,0.8,-0.1,-0.2,0.1,1.2,0.1,0.2,-0.1,1.8,0.9,-0.2,0.6,0.1,-1.6,-0.1,1.2,0.6,1.3,-0.6,-0.3,0.1,1.8,-0.1,-1.2,0.1,-0.4,1.2,-0.4,-1.5,-1.2,-0.9,-0.8,-0.6,0.4,0.8,-0.9,-0.9,-0.4,0.7,-0.6,-0.5,0.4,0.6,0.2,-0.2,-1.3,0.1,1.2,1.7,-0.6,-1.1,1.8,0.6,-1.0,-0.2,0.1,-0.4,-1.1,0.9,-1.2,-0.9,1.6,-0.8,-1.6,-0.3,0.4,0.7,0.6,-1.1,-0.5,-0.2,0.8,-0.2,-0.9,1.1,0.2,1.2,-0.2,-0.1,0.5,-0.2,-0.2,-0.5,0.1,-1.0
0.5,-0.6,0.6,1.1,0.2,-0.4,-1.5,0.1,-0.9,-1.7,0.4,65.7,-0.7,0.2,0.2,1.0,0.2,0.6,0.1,-0.2,0.8,-1.0,-0.2,0.7,0.4,0.1,-0.8,0.6,1.2,-0.2,1.8,-0.6,-1.2,-0.8,-0.7,-1.4,0.9,1.0,-1.6,-0.7,-1.5,-0.7,0.1,1.2,0.4,-1.4,0.6,0.5,0.3,-0.2,0.6,-0.5,-0.3,-1.0,0.7,-0.2,0.1,-0.6,-0.3,-0.9,0.1,0.3,0.4,0.1,-0.1,0.9,1.8,0.1,-0.1,0.2,0.3,-1.3,-0.9,0.7,1.8,-1.4,-1.1,1.2,-0.4,-0.8,-0.6,1.8,-0.4,-0.4,0.2,-0.1,-0.1,-0.1,-0.2,1.0,0.4,0.9,0.1,0.7,0.4,-1.0,0.2,1.6,0.8,0.7
0.1,1.1,0.3,-1.1,0.8,-0.2,-0.4,-0.2,-0.7,-0.9,-0.3,-0.7,60.6,1.2,-0.8,0.3,-0.4,-0.6,-1.7,-1.0,-0.7,0.2,0.6,0.6,-0.9,-0.3,-0.5,0.6,0.5,-0.3,0.4,0.7,0.1,0.3,-0.3,-0.6,-0.2,0.8,-0.3,0.5,1.6,1.5,0.1,0.2,-1.6,0.6,0.6,-0.9,-0.3,1.1,0.2,-0.7,0.1,-0.2,1.5,-0.5,-1.0,-0.4,-0.5,0.5,0.4,0.3,-0.2,-0.4,0.3,-0.7,-0.8,0.7,-0.5,0.5,0.2,-0.2,1.2,-0.3,-1.5,0.7,0.5,0.4,0.6,1.3,0.2,0.1,-1.6,0.9,0.2,1.1,0.3,-0.1,0.7,-0.5,1.0,-0.3,-1.5,-1.1,1.4,0.1,0.1,0.9,0.1,-0.4
0.3,0.4,-0.5,0.8,-0.6,-0.1,0.1,1.6,0.1,0.4,-1.5,0.2,1.2,64.1,-0.8,-1.2,0.2,-0.7,-0.2,-0.3,1.1,-0.2,0.4,0.1,-1.0,-0.4,1.4,0.5,-1.6,0.6,1.5,-0.1,-0.7,0.5,-1.1,1.4,0.2,0.4,0.2,-0.1,0.8,1.1,-0.6,-0.1,-1.1,-0.7,0.1,1.0,-0.6,0.8,0.6,1.0,-0.1,0.7,0.4,0.2,1.0,-0.8,-0.4,0.4,0.8,1.3,0.1,-0.3,0.3,-0.5,0.9,0.1,-0.9,-0.2,-0.9,0.6,0.6,1.3,0.5,-0.6,0.2,0.7,-0.6,-0.2,1.3,-1.7,-0.9,0.2,0.5,0.2,0.6,1.3,-0.4,0.5,-0.3,0.8,0.1,-0.8,-1.2,-0.2,-0.1,1.5,1.4,-1.3
1.0,-0.2,0.9,0.2,0.1,0.6,1.2,0.8,0.6,0.5,0.7,0.2,-0.8,-0.8,65.7,-1.2,1.0,-0.8,0.4,-0.5,-1.6,0.4,-0.8,0.3,-0.9,-0.6,-0.1,-0.3,-0.8,0.1,0.5,0.5,0.2,0.2,-0.5,-0.7,-0.9,-0.9,0.1,0.2,0.3,-0.3,0.4,-0.8,1.3,-1.4,-0.2,-0.3,0.4,0.1,1.6,0.1,-0.5,-0.4,-0.8,0.1,-0.7,1.2,0.3,0.2,-1.3,1.2,-1.7,-0.8,-0.4,-1.1,-0.7,-0.8,-0.5,-0.3,0.8,0.3,-1.0,-0.5,0.1,0.1,1.4,0.3,0.1,-1.4,0.1,0.8,-0.9,1.2,0.9,-0.1,0.9,0.9,-1.1,1.0,-1.1,1.1,0.8,-1.5,1.3,-0.4,0.2,1.3,0.7,-0.1
-1.4,-0.8,1.4,0.5,-0.3,1.1,1.2,-1.7,0.1,-0.1,0.8,1.0,0.3,-1.2,-1.2,70.5,-0.4,0.1,0.5,0.6,-0.4,-0.3,1.4,-0.7,-1.1,0.4,0.6,0.4,0.8,0.6,0.4,-0.9,-0.9,-1.5,0.4,-0.9,-0.8,-1.2,1.0,0.4,0.1,1.5,0.8,-0.6,0.8,-0.9,-0.3,-0.6,-0.3,-0.4,-0.9,-0.3,-0.5,0.8,-0.6,1.7,0.7,-1.1,1.1,1.4,1.0,0.3,0.1,-1.2,0.2,1.5,1.6,-1.0,-1.1,-0.8,-0.2,0.4,-0.5,0.5,-0.7,0.8,1.0,-0.9,-0.3,0.1,0.4,0.1,-0.1,0.9,-0.5,-1.6,-0.2,0.8,-1.3,0.1,-0.3,0.4,1.1,0.1,-0.4,0.1,0.6,-0.7,1.3,0.1
-0.7,1.7,0.2,1.0,-0.9,0.7,1.0,-0.9,-0.2,-0.6,-0.1,0.2,-0.4,0.2,1.0,-0.4,69.4,-0.2,-1.4,-0.2,0.3,-0.6,0.9,-0.8,1.3,-1.3,-1.6,1.5,-0.3,-0.6,0.6,-1.3,-0.2,1.6,0.1,0.1,0.1,-1.5,0.8,-0.3,-0.3,0.5,0.5,0.2,-0.9,1.6,0.8,-0.7,1.0,0.1,0.3,-0.7,-0.5,0.1,0.2,0.5,-0.1,-0.6,0.3,-0.8,0.4,-0.4,0.7,-0.1,1.5,-0.7,0.1,0.6,-1.6,0.6,0.7,-0.4,-0.9,0.9,-1.5,-1.6,0.4,-1.5,1.7,0.1,0.1,0.1,-1.0,-0.4,0.6,0.1,1.4,-0.4,-1.3,-0.7,-1.0,-1.8,1.1,-0.6,0.3,0.5,-0.8,-0.5,-1.0,-0.8
-0.1,0.3,0.1,-0.1,-0.4,0.8,0.1,0.3,-1.4,-0.5,-0.2,0.6,-0.6,-0.7,-0.8,0.1,-0.2,64.0,0.1,0.9,0.1,1.5,1.1,-0.1,0.3,0.5,-0.5,0.2,-0.9,0.4,-1.5,0.6,0.6,-0.5,-1.4,0.4,-0.1,-0.3,-1.6,-0.5,-0.4,0.4,-1.1,1.0,-0.2,-0.9,-0.3,0.2,1.3,0.4,0.7,1.6,1.2,-1.2,-1.2,1.5,1.3,1.2,-1.0,0.6,0.1,0.4,-0.6,0.3,-1.2,-0.1,-0.2,1.2,1.4,0.4,-0.3,0.1,-1.0,-1.2,0.8,-0.2,-1.5,-1.5,-0.3,0.2,0.3,0.2,0.4,0.2,-0.1,0.5,-0.2,-0.1,-0.5,1.1,-1.2,0.7,-0.9,-0.7,1.1,0.4,0.9,1.0,0.7,-0.7
-0.1,0.2,1.1,-1.6,-1.6,-0.3,-0.4,-0.4,1.1,0.8,0.1,0.1,-1.7,-0.2,0.4,0.5,-1.4,0.1,67.7,0.8,1.1,0.1,-1.1,1.1,1.2,0.3,-0.8,0.7,0.2,-1.2,1.6,-0.4,0.5,0.9,-1.1,-0.2,1.4,0.6,0.2,-1.6,-1.2,0.6,0.9,-0.1,0.4,0.7,0.9,-1.0,0.9,1.1,-0.5,-0.4,1.7,1.1,-1.1,0.7,0.6,0.6,-1.1,-0.3,-0.1,1.1,-0.7,-0.3,-0.2,0.6,-0.8,-0.1,-0.5,-1.0,0.1,-0.1,-0.1,0.1,0.1,-0.6,0.6,0.3,-0.8,-1.1,-0.8,0.3,0.9,0.6,1.1,0.8,-0.4,-0.1,-1.1,-0.3,-1.0,-0.2,0.1,0.7,-1.0,-1.7,0.8,-0.8,-0.4,0.2
0.6,-0.3,-0.6,-0.6,0.8,-0.2,1.5,-0.6,0.2,0.3,1.2,-0.2,-1.0,-0.3,-0.5,0.6,-0.2,0.9,0.8,67.8,-0.1,-0.2,0.1,0.5,-0.7,1.1,-1.6,-1.1,1.0,-1.3,0.1,0.5,-0.3,-0.4,-0.1,-1.1,-0.4,-1.4,0.8,1.5,-0.3,1.3,1.4,-1.0,-0.8,-1.3,-0.4,-1.0,0.4,0.4,0.8,0.2,-0.5,-1.4,-0.9,0.7,0.8,1.1,0.1,1.3,-1.1,-1.2,0.1,0.4,0.8,-0.9,-0.1,0.3,-0.9,0.8,-0.5,0.6,-0.1,-0.1,1.5,-0.4,-0.7,0.8,0.5,-0.5,-1.7,-0.9,0.1,-0.1,-0.1,0.3,1.1,-0.6,1.1,0.9,0.8,-0.9,-0.9,-1.5,0.1,-0.7,0.1,0.9,0.5,-0.4
1.2,0.8,-0.7,0.6,-0.8,-0.1,-0.1,0.1,-1.5,-1.3,0.1,0.8,-0.7,1.1,-1.6,-0.4,0.3,0.1,1.1,-0.1,61.8,1.4,0.1,-0.2,-0.4,0.3,-0.2,0.5,-0.7,-0.7,0.3,1.5,1.0,0.9,-0.3,0.3,0.6,-0.6,0.2,0.6,0.7,0.3,0.3,1.4,-0.7,-0.6,0.5,-0.4,-0.1,0.6,-0.2,0.3,-1.8,0.1,0.6,1.4,0.1,0.7,0.1,0.2,-1.3,-0.5,-0.6,0.1,1.1,1.0,1.4,-0.5,-0.7,-0.5,1.2,1.5,-1.3,0.2,1.2,-0.2,-0.8,-0.6,0.6,-1.0,-0.1,0.4,-0.3,1.8,-0.7,0.4,-0.5,0.1,-1.3,0.2,0.1,0.1,-0.6,1.1,-0.1,1.0,-0.6,0.1,-0.2,-0.4
0.8,1.8,1.1,-0.8,0.4,-0.1,-0.2,1.6,1.6,-0.2,0.2,-1.0,0.2,-0.2,0.4,-0.3,-0.6,1.5,0.1,-0.2,1.4,70.8,0.7,-0.2,0.7,-0.4,0.1,0.1,-1.5,1.1,-0.6,0.8,-0.5,-0.3,-1.0,1.0,-0.5,0.7,-0.9,0.1,-1.1,0.4,-1.5,0.1,-0.5,0.1,0.1,0.8,0.8,-1.1,-0.4,1.0,0.2,0.8,1.2,0.9,-1.4,-1.3,-0.8,0.1,-0.6,-1.3,0.6,1.1,0.7,-1.5,0.5,-0.1,-0.6,0.9,0.3,-0.6,-0.8,-1.5,-1.6,-1.8,0.8,-0.8,0.9,-1.0,-1.5,0.8,-0.8,0.3,-0.5,0.1,-1.2,-0.7,-0.1,-0.8,-0.4,-0.2,-0.1,0.4,1.1,0.9,0.6,-1.0,0.5,0.3
1.6,-0.1,0.2,0.8,1.6,-0.6,-0.2,0.9,-1.4,0.9,-0.1,-0.2,0.6,0.4,-0.8,1.4,0.9,1.1,-1.1,0.1,0.1,0.7,74.4,1.0,1.1,-0.4,1.1,-0.3,-0.8,-0.4,0.5,1.1,-0.7,-0.4,1.0,0.3,-0.5,-0.7,0.2,-1.8,-0.7,-1.6,0.1,0.4,-0.3,1.1,-0.1,1.2,-1.6,0.9,0.1,1.4,-0.5,-1.1,0.1,-1.0,0.2,0.6,-1.2,0.4,-1.1,-1.3,-0.5,0.6,0.5,0.3,0.7,-1.2,0.1,0.8,1.4,0.6,-1.1,0.8,-0.8,0.8,-1.3,-0.2,1.5,-0.6,0.2,-0.6,-0.8,0.3,-0.9,1.2,1.1,1.2,-0.4,-1.7,-0.8,-0.1,1.5,0.1,-1.2,0.4,-0.6,-0.5,-0.1,1.8
1.2,-0.2,0.7,0.4,-0.5,1.2,-1.1,0.8,0.1,1.8,1.8,0.7,0.6,0.1,0.3,-0.7,-0.8,-0.1,1.1,0.5,-0.2,-0.2,1.0,65.8,-1.5,0.2,-0.6,-1.0,0.4,-1.4,-0.5,-0.3,-0.3,0.1,-0.3,-0.9,0.2,1.6,1.0,1.5,-0.8,0.3,0.2,-0.7,1.3,0.2,0.7,0.1,1.4,-0.5,0.3,-0.7,0.1,0.3,0.4,0.4,1.0,0.4,-0.8,0.3,-0.6,0.1,1.6,0.2,-0.4,1.7,-1.3,1.4,-0.2,0.6,-0.5,-0.1,0.6,-0.5,-0.4,0.6,-1.4,-0.6,-0.2,-0.2,-0.7,1.2,0.8,-0.5,-0.4,1.1,0.1,-0.5,1.2,-1.1,-0.5,-0.8,-1.1,0.2,0.1,0.4,0.7,0.6,-1.5,-0.3
-0.2,-0.3,-1.1,0.5,1.0,-0.5,-1.7,-0.4,-0.2,1.2,0.9,0.4,-0.9,-1.0,-0.9,-1.1,1.3,0.3,1.2,-0.7,-0.4,0.7,1.1,-1.5,68.8,1.1,0.4,-0.7,0.5,-0.9,0.1,-0.5,1.4,-0.1,0.3,-1.1,-1.0,-0.1,0.1,-1.0,0.8,1.1,-0.4,-0.6,-0.5,-0.4,1.6,0.1,-0.1,1.3,0.1,-0.2,0.6,-0.5,0.3,-0.7,-1.4,-0.9,0.2,1.0,-0.4,-1.5,-0.6,0.6,-0.4,-1.5,-0.8,0.9,0.1,-0.4,-0.1,0.1,1.6,-0.2,1.0,0.2,-0.8,-1.8,0.6,-1.1,0.4,-0.9,-0.5,0.6,1.0,-0.9,0.2,-1.0,0.4,0.2,1.7,-1.2,0.8,0.7,0.2,0.2,-0.2,0.5,0.5,0.4
-1.7,1.2,0.4,0.1,-0.1,-1.0,-1.1,-0.9,1.7,-0.8,-0.2,0.1,-0.3,-0.4,-0.6,0.4,-1.3,0.5,0.3,1.1,0.3,-0.4,-0.4,0.2,1.1,64.0,-1.9,-0.2,-0.3,0.2,-0.7,1.7,1.0,-0.5,1.0,0.1,-0.1,-0.3,-0.1,0.5,0.8,-0.4,0.1,0.2,-0.8,-1.2,0.1,0.1,1.1,-0.3,-1.2,0.2,1.0,0.1,0.1,0.9,0.5,-0.6,-1.5,-0.3,-0.7,-0.1,-0.4,-0.6,-1.3,-0.2,1.4,1.4,-0.1,0.2,-0.1,0.1,0.3,0.2,-0.3,0.1,-0.3,-0.6,-1.1,-1.2,0.2,0.6,0.3,-0.8,1.8,-0.6,1.8,0.1,-0.7,-0.7,1.2,-1.7,0.9,-1.3,1.2,0.2,1.1,0.3,-0.6,0.5
0.5,-0.7,0.5,1.3,-0.5,0.4,0.5,0.5,-1.0,0.7,0.6,-0.8,-0.5,1.4,-0.1,0.6,-1.6,-0.5,-0.8,-1.6,-0.2,0.1,1.1,-0.6,0.4,-1.9,69.3,-0.1,-0.5,0.1,-1.0,0.6,-1.2,1.0,1.3,-0.4,0.4,1.2,-1.0,1.5,0.5,0.3,-1.2,-0.7,0.9,0.1,1.1,1.1,-0.4,0.4,0.9,1.1,-0.3,-0.8,0.1,0.4,-1.0,-0.5,-0.3,0.1,0.9,-1.7,1.5,0.1,0.4,1.6,0.4,0.1,-0.1,0.6,-0.7,-0.5,-0.2,-0.2,1.2,-0.5,-1.1,0.9,0.5,-0.5,1.2,0.3,-1.4,-0.7,1.0,0.7,-0.7,0.6,0.4,0.2,1.5,-0.2,1.0,-0.1,0.7,0.4,0.3,-0.5,-0.7,-1.1
-0.2,-1.7,0.1,-0.7,1.4,-0.4,-0.4,1.1,-0.6,1.2,0.1,0.6,0.6,0.5,-0.3,0.4,1.5,0.2,0.7,-1.1,0.5,0.1,-0.3,-1.0,-0.7,-0.2,-0.1,64.5,1.6,0.7,-0.3,-1.1,-1.0,0.3,0.1,0.1,-0.2,-1.0,-1.9,-0.4,-0.6,0.1,0.1,0.2,1.2,-0.1,0.5,-1.1,0.2,1.4,0.7,-0.9,-0.3,-0.3,-0.3,-0.8,0.8,0.8,-0.9,-0.8,-0.5,0.2,0.5,0.7,-0.3,-0.3,0.1,0.2,-0.5,0.6,-1.3,0.7,1.4,-0.1,1.5,0.1,0.1,1.4,-0.1,-1.5,-0.1,-0.3,-0.8,-1.3,-0.8,-1.5,-0.5,1.7,0.1,-1.3,0.7,-0.9,-1.5,-0.7,0.9,-0.9,0.3,-0.1,0.4,0.1
-0.2,0.2,-0.3,1.4,1.3,1.2,0.6,0.1,-0.9,0.1,-1.6,1.2,0.5,-1.6,-0.8,0.8,-0.3,-0.9,0.2,1.0,-0.7,-1.5,-0.8,0.4,0.5,-0.3,-0.5,1.6,75.0,0.5,0.6,0.9,1.7,-1.3,0.3,-1.0,-1.6,-1.7,-1.2,0.3,1.4,1.0,1.1,-0.3,-1.5,0.1,-1.4,-0.8,-0.9,-1.0,-0.1,-0.1,-0.8,1.0,-0.1,0.6,-0.4,0.4,1.4,0.8,0.1,0.9,0.1,-1.2,-0.6,-0.2,-1.6,0.6,-1.3,0.8,-0.6,1.1,0.5,1.7,-0.9,1.4,-0.3,0.6,0.7,1.5,-0.5,-0.2,0.6,-0.2,-0.8,0.6,-0.8,0.1,0.7,-0.4,0.9,1.1,0.1,-1.2,0.3,-0.4,0.4,0.4,-0.2,0.6
-0.3,1.2,-0.7,-0.3,-0.3,-0.5,0.9,0.9,0.3,-1.4,-0.1,-0.2,-0.3,0.6,0.1,0.6,-0.6,0.4,-1.2,-1.3,-0.7,1.1,-0.4,-1.4,-0.9,0.2,0.1,0.7,0.5,67.0,-0.7,-1.3,0.6,1.5,-0.9,1.0,0.5,-0.3,-0.2,-0.1,1.2,-0.3,-0.4,-0.2,1.0,1.3,0.1,1.0,1.5,-0.1,0.3,0.1,-0.6,-0.8,0.1,-0.4,-0.8,-0.7,-0.6,0.7,-1.4,-0.3,-0.4,0.4,-1.1,-0.1,-1.1,1.2,-0.6,1.3,-0.5,0.4,-1.3,0.8,1.0,0.1,-0.1,-1.6,-0.9,0.2,-1.6,0.4,0.5,0.2,0.3,0.1,0.6,1.4,1.0,-0.9,-0.8,0.1,1.9,-0.1,-0.6,-0.9,0.3,-1.2,-0.7,-1.1
0.5,0.4,-0.9,0.5,0.8,1.4,1.4,0.1,0.7,1.3,1.2,1.8,0.4,1.5,0.5,0.4,0.6,-1.5,1.6,0.1,0.3,-0.6,0.5,-0.5,0.1,-0.7,-1.0,-0.3,0.6,-0.7,65.2,-0.3,-0.5,0.7,1.4,0.1,-0.8,1.0,0.1,-0.9,-1.6,-0.2,1.2,-0.1,-1.6,-0.6,0.3,-0.7,-0.4,-0.5,-0.1,1.5,-1.1,0.4,-1.1,0.2,0.2,0.1,-0.1,0.2,-0.8,-1.1,0.1,-1.6,0.2,-0.5,-1.7,0.8,-1.5,-0.5,0.1,0.1,1.3,0.1,0.6,-0.6,1.0,0.4,-0.6,0.2,-0.9,-1.3,-0.4,0.1,0.4,0.1,-0.6,0.6,-0.3,0.7,0.5,-0.1,-0.6,-0.3,0.5,0.1,-0.7,0.6,0.3,1.4
-0.2,0.1,-1.2,0.4,0.1,0.4,0.9,-0.4,1.3,0.6,0.6,-0.6,0.7,-0.1,0.5,-0.9,-1.3,0.6,-0.4,0.5,1.5,0.8,1.1,-0.3,-0.5,1.7,0.6,-1.1,0.9,-1.3,-0.3,65.0,-0.2,-0.9,0.4,-0.4,0.2,-0.1,-0.2,1.4,1.7,0.1,-0.2,-1.5,0.7,-0.1,-0.2,-0.2,-0.1,-0.4,0.4,0.2,-1.4,1.3,0.2,-0.1,-1.8,-1.0,0.6,0.2,-0.8,-0.2,-1.2,-0.8,0.1,-0.2,-1.1,0.1,0.1,-0.6,0.4,0.3,1.7,-0.3,-0.6,-0.5,0.5,1.0,-0.6,0.1,1.4,-1.1,-0.1,0.5,1.3,-0.1,0.2,-0.4,-1.8,-0.3,-1.2,0.8,-0.2,-1.3,-0.8,-0.2,-0.2,0.8,-1.7,1.3
1.4,0.5,-0.3,0.1,1.7,-0.5,0.9,-0.1,-0.1,-1.1,1.3,-1.2,0.1,-0.7,0.2,-0.9,-0.2,0.6,0.5,-0.3,1.0,-0.5,-0.7,-0.3,1.4,1.0,-1.2,-1.0,1.7,0.6,-0.5,-0.2,62.3,-1.4,-0.1,1.1,0.2,0.6,-0.6,0.7,0.5,0.3,-0.8,-1.1,-0.9,-0.4,0.1,-1.0,-1.8,0.1,-0.2,-0.4,0.4,0.5,-0.1,-0.1,-0.3,0.1,0.4,1.0,-0.2,-0.1,0.5,0.4,0.2,-0.8,0.6,-1.8,-1.4,1.2,-0.2,-0.2,-0.5,1.2,0.6,0.9,-0.4,0.1,0.9,0.2,0.1,1.2,0.9,-0.9,1.0,-1.3,-0.7,0.8,1.1,-0.2,0.1,-0.4,0.4,-0.8,0.1,-0.1,0.5,-0.4,0.3,0.6
0.8,0.6,0.3,-0.3,0.6,1.3,0.8,-0.4,-1.8,-0.1,-0.6,-0.8,0.3,0.5,0.2,-1.5,1.6,-0.5,0.9,-0.4,0.9,-0.3,-0.4,0.1,-0.1,-0.5,1.0,0.3,-1.3,1.5,0.7,-0.9,-1.4,73.8,-0.3,0.1,-0.7,0.1,-1.2,1.0,0.6,1.6,-1.4,-0.9,-0.6,-0.4,0.1,1.2,1.3,-0.5,0.3,0.4,1.3,0.8,0.6,1.1,-1.0,0.7,-1.2,-0.1,0.3,0.1,-0.5,0.5,-0.8,0.1,-1.6,0.1,1.1,-0.8,-0.1,-1.2,-0.1,-1.1,0.7,0.3,-0.7,1.4,0.1,-1.1,-1.7,1.1,0.2,-1.7,1.0,1.6,1.7,-0.2,1.1,-1.6,0.9,0.6,-0.1,0.1,1.4,0.8,0.7,-0.3,-1.0,0.1
-1.2,0.1,0.6,0.8,0.4,0.5,-0.2,-0.6,-0.5,1.5,-0.3,-0.7,-0.3,-1.1,-0.5,0.4,0.1,-1.4,-1.1,-0.1,-0.3,-1.0,1.0,-0.3,0.3,1.0,1.3,0.1,0.3,-0.9,1.4,0.4,-0.1,-0.3,59.5,-0.6,-0.6,-0.2,1.1,-0.4,-0.7,1.6,-0.5,0.1,-0.8,-0.1,-1.2,0.3,-0.4,1.2,0.4,1.3,0.1,0.7,0.1,0.6,0.3,-0.9,-0.6,-0.9,0.9,0.5,0.2,-0.1,0.3,1.3,-0.9,-0.3,-0.7,1.5,0.1,0.6,-0.9,0.6,0.7,-0.1,1.2,-0.1,-0.9,0.2,0.4,0.4,-0.2,0.4,0.1,0.3,0.6,-1.2,0.6,-0.2,-0.3,0.3,0.2,0.6,-0.3,0.3,0.7,1.6,0.6,1.3
-0.4,-0.7,1.0,0.7,-0.1,-0.3,-0.6,-0.6,-0.3,-1.5,0.1,-1.4,-0.6,1.4,-0.7,-0.9,0.1,0.4,-0.2,-1.1,0.3,1.0,0.3,-0.9,-1.1,0.1,-0.4,0.1,-1.0,1.0,0.1,-0.4,1.1,0.1,-0.6,66.5,-0.8,0.3,-1.6,0.3,-0.1,0.3,-0.2,-1.1,1.6,-1.1,0.7,-1.0,0.8,0.9,-1.2,-0.8,-0.8,1.9,-1.3,0.3,0.6,0.2,-1.0,-1.0,-0.3,0.2,0.5,0.2,-1.0,0.2,0.9,-1.0,0.1,0.9,0.6,-0.1,0.1,0.2,-0.1,-1.4,0.1,1.2,-0.1,-0.8,-1.2,0.1,0.3,0.7,-0.4,-0.2,-0.8,1.7,1.3,1.2,0.9,1.3,-0.2,1.0,0.3,-1.8,0.2,0.6,-0.4,0.4
1.3,-0.2,0.1,-1.1,0.4,0.3,0.4,-0.4,0.5,1.4,1.8,0.9,-0.2,0.2,-0.9,-0.8,0.1,-0.1,1.4,-0.4,0.6,-0.5,-0.5,0.2,-1.0,-0.1,0.4,-0.2,-1.6,0.5,-0.8,0.2,0.2,-0.7,-0.6,-0.8,63.3,-0.2,0.4,1.0,0.3,-0.8,-0.5,-0.1,-1.2,0.5,-0.3,0.1,-0.3,-0.9,0.7,0.1,1.1,-0.9,0.2,0.5,0.8,1.5,0.1,-0.6,-1.4,-1.2,0.6,-0.1,-0.7,-0.4,-0.7,-0.7,-0.9,1.6,-1.6,1.4,1.6,1.1,0.3,-0.6,-0.5,0.1,0.1,0.4,-1.3,0.7,0.4,0.1,-0.6,-1.3,0.8,0.7,-0.1,0.6,-0.2,-0.6,0.3,-0.8,0.3,0.3,-1.6,0.2,-0.8,0.7
-1.4,-1.1,0.6,-1.1,-0.6,0.5,1.2,0.1,0.4,-1.0,-0.1,1.0,0.8,0.4,-0.9,-1.2,-1.5,-0.3,0.6,-1.4,-0.6,0.7,-0.7,1.6,-0.1,-0.3,1.2,-1.0,-1.7,-0.3,1.0,-0.1,0.6,0.1,-0.2,0.3,-0.2,73.4,-0.9,0.2,1.3,0.7,0.5,0.5,0.5,-1.2,1.2,0.6,1.0,0.5,-0.6,0.2,-1.9,-1.6,0.7,0.2,0.1,0.1,1.4,0.3,0.3,-0.4,-0.2,1.0,0.5,-0.4,1.0,1.0,-1.6,-0.8,0.9,0.3,-1.4,0.1,0.1,0.8,1.4,-1.0,-1.6,1.2,-0.2,0.3,1.8,0.6,-0.5,-0.5,0.5,0.7,1.1,1.0,0.5,-0.4,-1.3,0.7,-0.4,1.4,0.2,-0.7,-0.7,0.8
0.2,-0.9,-1.1,-1.1,-0.3,0.4,1.6,-0.9,1.3,-0.6,-1.2,-1.6,-0.3,0.2,0.1,1.0,0.8,-1.6,0.2,0.8,0.2,-0.9,0.2,1.0,0.1,-0.1,-1.0,-1.9,-1.2,-0.2,0.1,-0.2,-0.6,-1.2,1.1,-1.6,0.4,-0.9,72.6,-0.2,-1.1,-0.2,0.4,0.1,1.3,0.4,0.6,0.8,-1.7,0.6,-0.2,0.3,-0.1,-1.4,0.6,0.1,-0.5,0.6,0.4,0.2,0.7,0.7,-1.2,1.1,-1.2,-1.4,0.4,-0.6,-1.1,0.2,0.1,-1.5,-0.5,-0.1,-0.2,0.1,-0.2,1.3,-1.6,1.2,1.1,-0.1,0.2,0.8,0.8,0.4,0.6,0.1,0.4,-0.5,0.8,-1.4,-1.8,-0.8,0.7,1.8,1.7,1.4,-0.5,-0.4
-0.7,-0.7,0.1,-0.7,-0.5,0.8,0.1,-0.5,-0.1,0.2,0.1,-0.7,0.5,-0.1,0.2,0.4,-0.3,-0.5,-1.6,1.5,0.6,0.1,-1.8,1.5,-1.0,0.5,1.5,-0.4,0.3,-0.1,-0.9,1.4,0.7,1.0,-0.4,0.3,1.0,0.2,-0.2,64.9,-0.8,-0.5,-0.2,-0.7,1.0,-0.9,0.8,1.2,-0.1,-0.9,1.1,0.6,0.2,1.4,-1.0,-0.5,-0.8,-1.1,-0.7,-0.9,-0.3,0.1,-0.3,-0.8,-1.6,-0.8,0.1,-0.8,-0.8,-1.8,-0.2,-0.3,-0.4,-0.3,-0.3,0.2,0.1,0.1,-0.1,1.0,-0.3,-0.2,-1.9,1.6,-0.4,0.3,-1.3,0.8,-0.1,-0.7,0.1,-0.4,-1.6,-0.3,0.1,0.7,-1.6,0.6,-0.5,-1.4
0.9,-0.1,-0.4,1.2,-0.5,0.7,1.2,0.1,0.1,0.5,-0.4,-1.5,1.6,0.8,0.3,0.1,-0.3,-0.4,-1.2,-0.3,0.7,-1.1,-0.7,-0.8,0.8,0.8,0.5,-0.6,1.4,1.2,-1.6,1.7,0.5,0.6,-0.7,-0.1,0.3,1.3,-1.1,-0.8,66.7,-1.5,-0.4,1.3,0.9,0.7,-0.6,0.7,-1.5,-1.1,-0.5,0.6,0.4,-0.9,0.3,0.9,-1.5,0.9,-0.1,-1.2,0.4,0.1,0.1,-0.2,-0.9,0.1,0.3,0.6,0.1,0.8,-0.4,1.7,-0.3,-0.9,-1.2,0.2,0.4,-0.1,1.2,-0.1,-0.7,-0.3,-0.8,0.1,1.4,0.2,0.7,-0.1,0.4,-0.7,-0.2,-0.5,-0.1,-0.6,-0.6,-0.3,-0.5,0.9,-1.4,-0.2
0.3,0.7,-0.5,-0.8,-1.1,0.4,-0.3,0.7,-0.2,-0.3,1.2,-0.7,1.5,1.1,-0.3,1.5,0.5,0.4,0.6,1.3,0.3,0.4,-1.6,0.3,1.1,-0.4,0.3,0.1,1.0,-0.3,-0.2,0.1,0.3,1.6,1.6,0.3,-0.8,0.7,-0.2,-0.5,-1.5,69.4,0.2,-1.2,-1.2,0.5,0.8,0.1,-1.0,-0.3,-0.5,0.9,-1.5,-0.4,-1.2,0.1,-0.1,1.0,-1.4,0.7,0.5,-0.1,0.1,-0.8,0.7,-1.3,-0.8,0.6,-0.1,1.0,0.3,-0.2,-0.3,-1.3,0.5,-0.9,-0.2,1.9,0.1,1.3,-0.3,0.9,-0.7,1.0,-0.9,1.2,-0.7,-0.7,-0.9,-1.4,-0.2,-0.1,-0.6,1.5,-0.4,-1.0,-0.5,-1.3,-0.2,-0.8
1.3,-0.5,0.9,1.0,-1.0,-0.1,-1.5,0.1,0.8,-1.1,-0.4,0.1,0.1,-0.6,0.4,0.8,0.5,-1.1,0.9,1.4,0.3,-1.5,0.1,0.2,-0.4,0.1,-1.2,0.1,1.1,-0.4,1.2,-0.2,-0.8,-1.4,-0.5,-0.2,-0.5,0.5,0.4,-0.2,-0.4,0.2,61.3,-0.6,-1.0,-0.5,0.1,1.4,-0.8,0.1,0.9,-0.9,-0.4,-0.4,1.5,0.7,-1.1,-1.3,-0.5,0.1,-0.6,0.1,1.0,-0.5,0.2,-0.8,-0.2,-0.3,-0.1,-0.6,0.5,1.0,0.3,-1.4,-1.5,1.2,0.5,0.3,-0.3,1.0,-0.3,-0.8,-0.6,0.7,-0.2,0.2,-0.2,-0.2,1.1,0.4,-1.5,0.5,0.4,0.9,-0.2,-0.5,0.6,-0.4,-0.2,0.2
0.3,-0.6,-0.2,-0.1,1.0,1.1,0.3,0.5,-0.1,1.0,-1.5,1.2,0.2,-0.1,-0.8,-0.6,0.2,1.0,-0.1,-1.0,1.4,0.1,0.4,-0.7,-0.6,0.2,-0.7,0.2,-0.3,-0.2,-0.1,-1.5,-1.1,-0.9,0.1,-1.1,-0.1,0.5,0.1,-0.7,1.3,-1.2,-0.6,64.6,-1.0,0.8,0.5,1.1,1.0,0.9,-0.4,0.2,0.9,1.1,0.5,-1.2,0.3,-0.9,-0.6,0.4,-0.6,-0.5,0.4,-0.1,-0.6,0.1,0.2,0.6,-0.2,-1.5,1.2,-0.4,0.5,0.6,1.3,0.1,0.6,-0.4,0.1,-0.7,-0.3,-0.1,-1.1,-0.5,1.4,1.4,-0.8,0.3,1.3,0.8,1.1,-1.9,-0.7,0.1,-0.5,-0.8,1.1,0.2,-1.1,0.6
-1.3,0.5,0.7,-0.2,0.7,0.1,0.6,-0.2,0.6,0.8,-1.2,0.4,-1.6,-1.1,1.3,0.8,-0.9,-0.2,0.4,-0.8,-0.7,-0.5,-0.3,1.3,-0.5,-0.8,0.9,1.2,-1.5,1.0,-1.6,0.7,-0.9,-0.6,-0.8,1.6,-1.2,0.5,1.3,1.0,0.9,-1.2,-1.0,-1.0,74.9,0.2,0.7,-0.1,-0.5,-1.7,-0.2,0.3,-0.6,0.7,0.9,0.2,0.1,1.1,1.8,0.9,0.3,-0.4,-0.2,-0.7,1.3,0.6,-0.3,1.1,-1.3,-0.4,0.3,1.5,-0.8,0.2,-0.9,-0.7,-0.2,0.1,0.3,0.3,-0.7,-0.8,-0.1,-1.2,-1.1,1.1,0.1,-1.3,0.3,-1.5,-1.2,-0.2,-0.6,0.4,1.4,0.9,-0.3,-0.3,1.6,0.5
0.2,-0.5,-1.2,-1.6,-0.4,-1.1,-1.1,0.4,0.4,0.8,-0.9,-1.4,0.6,-0.7,-1.4,-0.9,1.6,-0.9,0.7,-1.3,-0.6,0.1,1.1,0.2,-0.4,-1.2,0.1,-0.1,0.1,1.3,-0.6,-0.1,-0.4,-0.4,-0.1,-1.1,0.5,-1.2,0.4,-0.9,0.7,0.5,-0.5,0.8,0.2,70.7,0.1,-0.6,0.5,-1.3,-0.4,0.2,-0.1,-0.1,-0.2,0.5,1.0,0.6,1.2,0.1,0.1,-0.4,0.6,-0.6,-0.4,-1.0,0.1,1.5,-1.0,-0.8,-1.1,1.3,-1.0,0.6,-1.2,-0.4,1.2,-1.5,-1.4,1.1,1.3,-1.6,-0.6,1.2,-0.1,-1.3,0.8,0.7,-0.2,0.6,-1.3,1.0,0.1,-0.2,-0.7,-0.4,-0.4,-0.4,1.1,0.8
-0.3,-0.5,-0.5,-0.6,0.5,-0.1,-1.5,-1.2,0.2,-0.4,-0.8,0.6,0.6,0.1,-0.2,-0.3,0.8,-0.3,0.9,-0.4,0.5,0.1,-0.1,0.7,1.6,0.1,1.1,0.5,-1.4,0.1,0.3,-0.2,0.1,0.1,-1.2,0.7,-0.3,1.2,0.6,0.8,-0.6,0.8,0.1,0.5,0.7,0.1,60.3,0.4,-0.2,0.9,-0.9,-1.2,0.5,0.7,0.1,1.5,0.6,-0.3,-1.0,-1.2,-0.8,0.5,-1.2,0.1,0.6,0.3,-0.1,0.3,0.1,0.5,-1.1,-0.5,-0.5,-0.8,-0.9,-0.4,-1.2,1.8,0.3,-0.4,-1.0,-0.5,1.2,0.1,-1.1,0.1,-0.3,0.2,0.1,0.2,-0.3,1.2,-1.0,1.8,0.1,0.4,-0.1,-0.7,-1.8,-0.9
-0.7,-0.2,1.2,-1.0,0.1,0.4,0.8,-0.9,0.4,1.2,-0.6,0.5,-0.9,1.0,-0.3,-0.6,-0.7,0.2,-1.0,-1.0,-0.4,0.8,1.2,0.1,0.1,0.1,1.1,-1.1,-0.8,1.0,-0.7,-0.2,-1.0,1.2,0.3,-1.0,0.1,0.6,0.8,1.2,0.7,0.1,1.4,1.1,-0.1,-0.6,0.4,70.0,-0.9,-1.7,-0.3,-1.6,0.7,0.6,-1.2,0.1,0.9,-0.5,-0.7,-1.7,-0.8,0.8,-0.3,0.5,1.4,-1.0,-0.2,-0.4,1.2,1.3,0.5,-0.1,0.1,-1.0,0.5,0.3,-0.3,0.2,1.6,0.1,-0.6,-1.1,0.9,-1.1,-0.7,-0.6,-1.1,-0.7,-1.2,1.4,0.1,1.0,0.1,-0.5,0.4,-0.4,-0.9,-0.1,-1.0,-0.7
0.1,0.3,0.1,0.1,-0.8,-1.1,-1.1,1.4,-0.5,-0.4,0.4,0.3,-0.3,-0.6,0.4,-0.3,1.0,1.3,0.9,0.4,-0.1,0.8,-1.6,1.4,-0.1,1.1,-0.4,0.2,-0.9,1.5,-0.4,-0.1,-1.8,1.3,-0.4,0.8,-0.3,1.0,-1.7,-0.1,-1.5,-1.0,-0.8,1.0,-0.5,0.5,-0.2,-0.9,67.9,-0.2,1.3,-1.2,1.7,0.7,-1.5,1.3,-0.2,0.1,0.1,0.1,-0.5,0.8,1.8,-0.1,-1.2,0.1,-0.5,0.9,-0.5,-1.0,-0.1,-1.3,0.1,1.1,0.1,-0.8,-0.4,-0.4,0.2,0.1,0.2,-0.3,-0.4,-1.5,-0.5,0.2,-0.1,-0.9,-0.4,0.6,-1.8,0.1,1.0,0.1,-0.2,0.5,0.9,-1.5,1.4,-0.7
-1.3,-0.8,0.3,0.1,-0.9,-0.4,-0.7,-0.7,-0.5,0.5,0.8,-0.2,1.1,0.8,0.1,-0.4,0.1,0.4,1.1,0.4,0.6,-1.1,0.9,-0.5,1.3,-0.3,0.4,1.4,-1.0,-0.1,-0.5,-0.4,0.1,-0.5,1.2,0.9,-0.9,0.5,0.6,-0.9,-1.1,-0.3,0.1,0.9,-1.7,-1.3,0.9,-1.7,-0.2,65.6,0.6,-1.1,1.9,-0.1,0.1,-1.2,0.3,-1.0,-0.6,0.1,1.3,-0.4,-0.5,0.1,0.1,1.1,-0.7,-1.8,0.4,-0.1,-0.2,0.1,-0.1,-0.7,-1.9,1.3,-0.7,0.1,0.7,0.2,-0.5,0.1,-0.4,0.2,0.1,-0.7,0.1,0.9,-0.2,-0.7,-0.8,1.4,-0.4,-0.9,-0.7,-1.4,-0.9,-0.6,-0.1,-1.1
-0.6,-0.7,0.8,-0.3,0.2,-0.8,0.9,0.2,0.7,0.7,-0.9,0.6,0.2,0.6,1.6,-0.9,0.3,0.7,-0.5,0.8,-0.2,-0.4,0.1,0.3,0.1,-1.2,0.9,0.7,-0.1,0.3,-0.1,0.4,-0.2,0.3,0.4,-1.2,0.7,-0.6,-0.2,1.1,-0.5,-0.5,0.9,-0.4,-0.2,-0.4,-0.9,-0.3,1.3,0.6,63.3,-0.7,0.6,0.1,1.1,-0.5,0.7,0.2,1.3,-0.5,0.2,-0.1,-0.1,-1.4,-0.2,-0.9,0.4,0.1,-0.4,1.5,0.4,0.7,-0.1,1.6,1.1,1.4,-0.3,0.4,0.8,1.6,-0.5,-0.3,1.4,0.2,1.2,-1.3,-0.4,-1.1,0.2,-0.8,0.4,-1.3,-1.4,0.7,0.3,-1.1,0.2,0.8,0.8,-1.0
1.2,0.3,-0.3,-0.5,0.9,-0.6,-0.5,-1.2,1.8,0.1,-0.9,-0.5,-0.7,1.0,0.1,-0.3,-0.7,1.6,-0.4,0.2,0.3,1.0,1.4,-0.7,-0.2,0.2,1.1,-0.9,-0.1,0.1,1.5,0.2,-0.4,0.4,1.3,-0.8,0.1,0.2,0.3,0.6,0.6,0.9,-0.9,0.2,0.3,0.2,-1.2,-1.6,-1.2,-1.1,-0.7,67.9,-0.1,-0.9,-0.4,-0.6,-0.2,-0.8,-1.5,0.2,-0.1,-0.4,-0.3,0.9,-0.2,-0.5,-0.3,0.1,1.1,-1.5,-1.3,0.7,0.7,0.6,-0.5,-1.1,-1.5,0.2,0.1,-1.7,-0.7,1.5,0.8,0.9,-1.0,-0.1,0.5,0.4,-0.7,-1.6,-1.2,1.4,0.1,-0.4,0.1,0.1,-1.0,-0.7,-1.6,0.1
1.3,0.1,-1.0,-1.0,-0.5,-1.1,0.1,0.3,-0.3,-0.9,-0.4,-0.3,0.1,-0.1,-0.5,-0.5,-0.5,1.2,1.7,-0.5,-1.8,0.2,-0.5,0.1,0.6,1.0,-0.3,-0.3,-0.8,-0.6,-1.1,-1.4,0.4,1.3,0.1,-0.8,1.1,-1.9,-0.1,0.2,0.4,-1.5,-0.4,0.9,-0.6,-0.1,0.5,0.7,1.7,1.9,0.6,-0.1,66.4,-0.3,1.4,-1.4,0.8,0.3,0.4,1.6,0.1,-0.9,1.0,-1.7,-0.4,-0.6,-0.3,0.3,-0.6,1.2,0.1,0.6,-0.5,1.2,-0.2,-0.4,-1.0,0.1,-0.9,1.5,-0.2,0.4,-0.1,-0.6,0.5,-0.2,-0.4,-0.1,-0.2,0.4,-0.2,-1.4,-1.3,-0.5,-0.3,0.2,1.9,0.9,-0.3,0.1
0.1,0.6,-0.1,0.6,0.8,-0.4,-0.1,-1.2,-1.0,-1.3,0.7,-1.0,-0.2,0.7,-0.4,0.8,0.1,-1.2,1.1,-1.4,0.1,0.8,-1.1,0.3,-0.5,0.1,-0.8,-0.3,1.0,-0.8,0.4,1.3,0.5,0.8,0.7,1.9,-0.9,-1.6,-1.4,1.4,-0.9,-0.4,-0.4,1.1,0.7,-0.1,0.7,0.6,0.7,-0.1,0.1,-0.9,-0.3,70.3,0.2,0.1,-0.3,0.5,1.5,-0.8,0.1,-0.4,-1.2,0.3,0.7,-0.5,0.5,0.9,0.2,0.1,-1.4,-1.4,-1.2,-0.4,0.1,0.3,-0.5,0.8,-1.8,0.1,-0.9,0.4,1.2,1.1,0.7,1.3,0.9,-1.1,-0.5,-1.8,0.1,0.8,0.6,-0.2,-0.9,0.5,-1.1,-1.1,0.7,0.6
0.1,0.6,0.2,0.4,0.8,-0.4,-0.6,0.1,0.2,0.1,-0.6,0.7,1.5,0.4,-0.8,-0.6,0.2,-1.2,-1.1,-0.9,0.6,1.2,0.1,0.4,0.3,0.1,0.1,-0.3,-0.1,0.1,-1.1,0.2,-0.1,0.6,0.1,-1.3,0.2,0.7,0.6,-1.0,0.3,-1.2,1.5,0.5,0.9,-0.2,0.1,-1.2,-1.5,0.1,1.1,-0.4,1.4,0.2,60.5,1.9,-0.9,-0.2,-1.8,0.1,-0.9,0.2,-0.3,-0.4,0.7,0.2,0.8,-0.8,-0.9,0.6,-1.2,1.4,0.6,-0.9,0.1,0.4,0.1,0.5,-0.5,0.6,0.2,1.3,0.1,1.2,0.1,0.3,0.9,1.1,-0.2,0.1,-0.1,-0.7,-1.1,0.4,-0.3,0.5,-1.6,-0.8,1.0,0.2
0.4,-1.3,-0.3,-1.5,0.3,1.5,0.6,0.9,-0.9,1.2,-0.5,-0.2,-0.5,0.2,0.1,1.7,0.5,1.5,0.7,0.7,1.4,0.9,-1.0,0.4,-0.7,0.9,0.4,-0.8,0.6,-0.4,0.2,-0.1,-0.1,1.1,0.6,0.3,0.5,0.2,0.1,-0.5,0.9,0.1,0.7,-1.2,0.2,0.5,1.5,0.1,1.3,-1.2,-0.5,-0.6,-1.4,0.1,1.9,68.1,-0.5,0.2,-1.7,-0.2,0.1,-1.0,0.1,-0.5,0.6,-1.1,-1.0,0.1,-0.4,-0.8,1.3,1.1,0.4,-0.5,0.4,-0.5,0.5,0.1,0.5,-0.7,0.3,-0.4,-0.5,0.1,1.3,0.7,1.2,0.2,-1.1,0.4,0.9,-1.3,-1.0,-1.0,-0.2,0.8,-0.4,1.2,-1.8,-0.1
1.2,0.2,-0.4,0.1,-0.9,-0.6,1.1,-0.2,-0.1,-0.4,0.4,0.1,-1.0,1.0,-0.7,0.7,-0.1,1.3,0.6,0.8,0.1,-1.4,0.2,1.0,-1.4,0.5,-1.0,0.8,-0.4,-0.8,0.2,-1.8,-0.3,-1.0,0.3,0.6,0.8,0.1,-0.5,-0.8,-1.5,-0.1,-1.1,0.3,0.1,1.0,0.6,0.9,-0.2,0.3,0.7,-0.2,0.8,-0.3,-0.9,-0.5,64.4,0.7,0.2,-0.8,0.5,-1.2,1.8,-0.4,-0.9,0.2,-0.1,-0.1,-0.5,0.6,-0.6,-0.6,0.6,0.9,-0.4,-1.5,0.8,-1.5,-0.1,-1.1,0.4,-1.0,0.8,-1.1,-0.3,-0.6,-0.5,0.1,0.6,0.6,0.5,1.6,-0.8,-0.5,-1.6,0.3,-0.5,-0.1,0.6,0.4
0.1,0.5,-1.4,0.9,1.9,-0.8,0.9,1.3,0.4,0.3,0.6,-0.6,-0.4,-0.8,1.2,-1.1,-0.6,1.2,0.6,1.1,0.7,-1.3,0.6,0.4,-0.9,-0.6,-0.5,0.8,0.4,-0.7,0.1,-1.0,0.1,0.7,-0.9,0.2,1.5,0.1,0.6,-1.1,0.9,1.0,-1.3,-0.9,1.1,0.6,-0.3,-0.5,0.1,-1.0,0.2,-0.8,0.3,0.5,-0.2,0.2,0.7,68.0,-1.4,-0.8,-0.8,1.0,0.1,0.2,-1.3,0.4,0.6,-1.5,0.1,0.5,-0.4,0.5,1.7,-0.1,-0.5,-0.7,-0.6,-0.7,1.8,-1.7,-0.3,-0.6,0.9,-0.5,0.1,0.3,-0.1,0.7,0.5,1.5,0.2,-0.2,-0.4,-0.9,1.1,-0.1,0.8,-0.3,0.2,0.4
-0.1,1.5,-0.3,0.6,-1.1,-0.2,1.4,1.8,-0.9,1.5,0.2,-0.3,-0.5,-0.4,0.3,1.1,0.3,-1.0,-1.1,0.1,0.1,-0.8,-1.2,-0.8,0.2,-1.5,-0.3,-0.9,1.4,-0.6,-0.1,0.6,0.4,-1.2,-0.6,-1.0,0.1,1.4,0.4,-0.7,-0.1,-1.4,-0.5,-0.6,1.8,1.2,-1.0,-0.7,0.1,-0.6,1.3,-1.5,0.4,1.5,-1.8,-1.7,0.2,-1.4,74.9,-0.3,-0.7,0.4,-1.0,-1.0,0.8,0.1,-0.3,0.8,0.1,-0.4,0.5,0.4,1.2,0.5,0.1,1.8,-0.6,-0.5,-0.6,0.5,-1.5,-1.2,-0.9,-0.6,-0.6,1.7,-0.8,-0.9,0.2,0.4,0.8,0.3,-0.5,0.4,0.8,0.8,0.4,0.8,-0.5,1.4
0.2,0.7,-1.7,-0.8,-1.5,1.6,-1.0,1.0,0.1,1.2,-0.2,-0.9,0.5,0.4,0.2,1.4,-0.8,0.6,-0.3,1.3,0.2,0.1,0.4,0.3,1.0,-0.3,0.1,-0.8,0.8,0.7,0.2,0.2,1.0,-0.1,-0.9,-1.0,-0.6,0.3,0.2,-0.9,-1.2,0.7,0.1,0.4,0.9,0.1,-1.2,-1.7,0.1,0.1,-0.5,0.2,1.6,-0.8,0.1,-0.2,-0.8,-0.8,-0.3,69.6,-0.6,1.3,-1.6,0.6,1.5,0.2,-1.3,-1.0,-0.1,0.5,0.5,0.7,0.5,0.6,-1.2,1.1,1.1,0.5,1.0,1.6,0.7,0.1,0.1,0.3,0.1,-1.8,-0.7,1.2,0.2,-1.1,-0.9,0.2,-1.7,0.1,1.3,1.0,0.1,-0.1,1.1,-1.0
0.2,-0.5,1.0,-0.1,-1.0,0.8,-0.1,-1.0,0.7,0.8,-1.3,0.1,0.4,0.8,-1.3,1.0,0.4,0.1,-0.1,-1.1,-1.3,-0.6,-1.1,-0.6,-0.4,-0.7,0.9,-0.5,0.1,-1.4,-0.8,-0.8,-0.2,0.3,0.9,-0.3,-1.4,0.3,0.7,-0.3,0.4,0.5,-0.6,-0.6,0.3,0.1,-0.8,-0.8,-0.5,1.3,0.2,-0.1,0.1,0.1,-0.9,0.1,0.5,-0.8,-0.7,-0.6,60.1,0.8,0.2,0.2,-1.1,-0.3,-0.2,-0.3,-0.1,-0.7,-0.1,0.6,0.4,-0.9,-0.2,-1.2,-0.5,1.1,0.9,1.0,0.1,1.1,0.4,-0.3,-0.7,-0.4,-0.3,-1.1,-0.1,-1.5,0.6,-0.3,-0.2,-1.0,1.0,1.9,-0.4,-1.2,0.1,0.2
-0.2,-0.2,-0.2,0.4,0.1,0.2,0.1,0.8,0.9,-0.2,0.1,0.3,0.3,1.3,1.2,0.3,-0.4,0.4,1.1,-1.2,-0.5,-1.3,-1.3,0.1,-1.5,-0.1,-1.7,0.2,0.9,-0.3,-1.1,-0.2,-0.1,0.1,0.5,0.2,-1.2,-0.4,0.7,0.1,0.1,-0.1,0.1,-0.5,-0.4,-0.4,0.5,0.8,0.8,-0.4,-0.1,-0.4,-0.9,-0.4,0.2,-1.0,-1.2,1.0,0.4,1.3,0.8,55.6,0.1,-0.2,-1.1,-0.3,-0.1,0.4,-1.3,-0.1,-1.7,0.6,-0.1,-0.2,-0.9,0.1,0.9,0.1,-0.1,0.5,0.9,-0.5,-0.3,1.0,-0.1,-0.5,1.1,-0.3,1.3,0.3,-0.4,0.6,0.2,0.7,0.1,-0.3,-1.6,-1.1,-0.5,0.8
0.6,-0.3,0.5,-0.2,0.4,0.8,0.2,0.4,-0.4,0.9,1.2,0.4,-0.2,0.1,-1.7,0.1,0.7,-0.6,-0.7,0.1,-0.6,0.6,-0.5,1.6,-0.6,-0.4,1.5,0.5,0.1,-0.4,0.1,-1.2,0.5,-0.5,0.2,0.5,0.6,-0.2,-1.2,-0.3,0.1,0.1,1.0,0.4,-0.2,0.6,-1.2,-0.3,1.8,-0.5,-0.1,-0.3,1.0,-1.2,-0.3,0.1,1.8,0.1,-1.0,-1.6,0.2,0.1,60.7,0.6,1.1,-0.3,-0.6,0.7,-0.3,-0.6,0.8,-0.1,-0.6,1.2,-0.9,0.7,-1.2,1.4,-1.1,-0.3,-0.8,-0.3,0.2,0.1,0.7,0.4,0.6,1.3,0.1,0.2,1.7,0.5,0.4,-0.2,0.4,0.1,-1.6,-0.1,-0.6,1.3
0.8,0.1,-0.3,-0.5,0.1,-1.4,0.3,-0.2,0.8,-0.2,1.7,0.1,-0.4,-0.3,-0.8,-1.2,-0.1,0.3,-0.3,0.4,0.1,1.1,0.6,0.2,0.6,-0.6,0.1,0.7,-1.2,0.4,-1.6,-0.8,0.4,0.5,-0.1,0.2,-0.1,1.0,1.1,-0.8,-0.2,-0.8,-0.5,-0.1,-0.7,-0.6,0.1,0.5,-0.1,0.1,-1.4,0.9,-1.7,0.3,-0.4,-0.5,-0.4,0.2,-1.0,0.6,0.2,-0.2,0.6,63.4,-0.7,0.1,0.6,-0.1,1.2,-1.0,0.6,0.3,0.8,-0.9,0.1,0.2,-1.2,1.2,0.5,-0.2,-1.5,1.8,-1.1,1.7,1.8,-1.1,-0.8,0.4,0.5,-1.9,-0.5,-1.2,0.6,1.4,0.1,-0.3,0.5,1.0,-0.4,0.5
0.6,1.2,-0.9,0.8,-0.8,-0.4,0.8,-1.1,0.5,-0.1,-0.6,-0.1,0.3,0.3,-0.4,0.2,1.5,-1.2,-0.2,0.8,1.1,0.7,0.5,-0.4,-0.4,-1.3,0.4,-0.3,-0.6,-1.1,0.2,0.1,0.2,-0.8,0.3,-1.0,-0.7,0.5,-1.2,-1.6,-0.9,0.7,0.2,-0.6,1.3,-0.4,0.6,1.4,-1.2,0.1,-0.2,-0.2,-0.4,0.7,0.7,0.6,-0.9,-1.3,0.8,1.5,-1.1,-1.1,1.1,-0.7,73.3,0.9,-0.5,0.1,-0.5,0.2,0.9,1.0,0.8,-0.6,-1.4,-1.3,-1.5,-1.6,-0.2,1.1,-0.6,1.0,1.2,-0.2,-0.3,-0.5,1.7,0.6,-0.3,0.3,-0.7,-1.1,0.7,0.4,-1.9,0.8,0.1,0.9,-1.0,1.5
-1.5,-1.0,0.8,-0.1,0.1,-0.6,-0.3,1.8,-0.8,-0.5,-1.1,0.9,-0.7,-0.5,-1.1,1.5,-0.7,-0.1,0.6,-0.9,1.0,-1.5,0.3,1.7,-1.5,-0.2,1.6,-0.3,-0.2,-0.1,-0.5,-0.2,-0.8,0.1,1.3,0.2,-0.4,-0.4,-1.4,-0.8,0.1,-1.3,-0.8,0.1,0.6,-1.0,0.3,-1.0,0.1,1.1,-0.9,-0.5,-0.6,-0.5,0.2,-1.1,0.2,0.4,0.1,0.2,-0.3,-0.3,-0.3,0.1,0.9,63.8,-1.0,0.5,-1.0,-0.1,0.2,-0.2,-0.1,0.1,0.1,-0.6,-1.0,0.5,-1.1,0.2,-0.1,-0.7,0.3,-1.2,1.8,0.1,-0.5,1.3,0.1,0.5,0.4,-0.5,-0.3,1.3,-1.2,0.4,0.8,1.8,0.6,0.1
-0.6,-0.4,0.5,-1.4,-1.2,1.0,-0.1,0.2,-0.5,-0.9,1.8,1.8,-0.8,0.9,-0.7,1.6,0.1,-0.2,-0.8,-0.1,1.4,0.5,0.7,-1.3,-0.8,1.4,0.4,0.1,-1.6,-1.1,-1.7,-1.1,0.6,-1.6,-0.9,0.9,-0.7,1.0,0.4,0.1,0.3,-0.8,-0.2,0.2,-0.3,0.1,-0.1,-0.2,-0.5,-0.7,0.4,-0.3,-0.3,0.5,0.8,-1.0,-0.1,0.6,-0.3,-1.3,-0.2,-0.1,-0.6,0.6,-0.5,-1.0,69.5,0.3,-0.7,-0.2,-0.5,-1.1,1.7,-0.4,0.6,0.6,1.4,0.8,0.2,-0.6,0.4,1.4,-1.0,1.8,0.4,0.4,0.1,-1.7,-0.4,1.4,-0.3,-0.5,-0.5,0.1,-0.7,-0.6,1.1,0.2,0.5,1.0
1.6,-0.7,0.1,1.1,0.6,-0.8,-1.3,0.3,1.1,-1.8,0.6,0.1,0.7,0.1,-0.8,-1.0,0.6,1.2,-0.1,0.3,-0.5,-0.1,-1.2,1.4,0.9,1.4,0.1,0.2,0.6,1.2,0.8,0.1,-1.8,0.1,-0.3,-1.0,-0.7,1.0,-0.6,-0.8,0.6,0.6,-0.3,0.6,1.1,1.5,0.3,-0.4,0.9,-1.8,0.1,0.1,0.3,0.9,-0.8,0.1,-0.1,-1.5,0.8,-1.0,-0.3,0.4,0.7,-0.1,0.1,0.5,0.3,64.9,-0.9,0.2,1.7,-0.3,-0.8,-0.2,0.8,-0.1,-1.0,-0.8,-0.2,1.4,0.1,-0.1,-1.2,-0.5,-0.9,0.1,-0.8,-0.8,1.7,0.1,-0.1,-0.7,0.7,0.2,0.6,-0.2,0.2,0.9,0.6,0.1
-0.2,1.1,-0.2,-0.2,0.3,1.2,0.7,-0.7,1.3,0.3,-1.0,-0.1,-0.5,-0.9,-0.5,-1.1,-1.6,1.4,-0.5,-0.9,-0.7,-0.6,0.1,-0.2,0.1,-0.1,-0.1,-0.5,-1.3,-0.6,-1.5,0.1,-1.4,1.1,-0.7,0.1,-0.9,-1.6,-1.1,-0.8,0.1,-0.1,-0.1,-0.2,-1.3,-1.0,0.1,1.2,-0.5,0.4,-0.4,1.1,-0.6,0.2,-0.9,-0.4,-0.5,0.1,0.1,-0.1,-0.1,-1.3,-0.3,1.2,-0.5,-1.0,-0.7,-0.9,65.5,-0.8,1.1,0.1,-1.5,0.1,1.2,0.3,0.1,-0.8,-0.3,-0.2,-0.1,0.8,0.9,-1.4,-0.5,-0.5,-0.4,-0.9,1.7,-1.5,0.4,0.6,-0.4,-1.0,-0.3,-0.1,-1.7,0.4,-1.0,-0.7
1.0,0.1,-1.1,-0.6,0.5,0.1,-0.7,-0.3,0.7,-0.2,-0.2,0.2,0.5,-0.2,-0.3,-0.8,0.6,0.4,-1.0,0.8,-0.5,0.9,0.8,0.6,-0.4,0.2,0.6,0.6,0.8,1.3,-0.5,-0.6,1.2,-0.8,1.5,0.9,1.6,-0.8,0.2,-1.8,0.8,1.0,-0.6,-1.5,-0.4,-0.8,0.5,1.3,-1.0,-0.1,1.5,-1.5,1.2,0.1,0.6,-0.8,0.6,0.5,-0.4,0.5,-0.7,-0.1,-0.6,-1.0,0.2,-0.1,-0.2,0.2,-0.8,62.8,-0.1,0.1,0.3,-0.5,-0.3,-0.1,-0.2,-0.1,0.5,-0.7,1.7,0.1,0.4,-0.5,-0.3,-0.9,0.3,-0.2,0.9,-1.1,-1.6,0.6,-0.4,-1.1,0.6,0.6,0.6,1.0,0.4,0.1
1.0,-0.1,-1.5,0.6,-0.5,-1.2,0.3,0.4,1.6,0.7,0.1,0.3,0.2,-0.9,0.8,-0.2,0.7,-0.3,0.1,-0.5,1.2,0.3,1.4,-0.5,-0.1,-0.1,-0.7,-1.3,-0.6,-0.5,0.1,0.4,-0.2,-0.1,0.1,0.6,-1.6,0.9,0.1,-0.2,-0.4,0.3,0.5,1.2,0.3,-1.1,-1.1,0.5,-0.1,-0.2,0.4,-1.3,0.1,-1.4,-1.2,1.3,-0.6,-0.4,0.5,0.5,-0.1,-1.7,0.8,0.6,0.9,0.2,-0.5,1.7,1.1,-0.1,62.4,-1.0,-1.7,0.1,1.2,-0.2,0.6,0.6,0.2,-1.7,-0.2,0.7,0.9,1.0,0.5,0.8,0.1,-0.2,-0.9,-0.7,-0.2,-0.8,0.8,-0.3,0.2,0.4,0.3,0.7,-0.7,0.6
-1.0,-0.5,-1.0,0.1,-0.4,1.0,0.4,-1.5,-1.1,1.5,-0.4,-1.3,-0.2,0.6,0.3,0.4,-0.4,0.1,-0.1,0.6,1.5,-0.6,0.6,-0.1,0.1,0.1,-0.5,0.7,1.1,0.4,0.1,0.3,-0.2,-1.2,0.6,-0.1,1.4,0.3,-1.5,-0.3,1.7,-0.2,1.0,-0.4,1.5,1.3,-0.5,-0.1,-1.3,0.1,0.7,0.7,0.6,-1.4,1.4,1.1,-0.6,0.5,0.4,0.7,0.6,0.6,-0.1,0.3,1.0,-0.2,-1.1,-0.3,0.1,0.1,-1.0,63.3,-0.3,-0.6,0.6,-1.0,0.4,-0.1,-1.2,0.2,0.1,-0.3,0.2,1.3,-1.0,1.2,1.8,-0.9,1.5,-0.3,0.2,-0.1,-0.3,0.2,0.5,0.9,0.4,-1.0,0.3,-0.2
-0.8,-1.4,-0.7,0.8,-0.4,-1.0,-0.6,0.1,0.1,1.0,-1.1,-0.9,1.2,0.6,-1.0,-0.5,-0.9,-1.0,-0.1,-0.1,-1.3,-0.8,-1.1,0.6,1.6,0.3,-0.2,1.4,0.5,-1.3,1.3,1.7,-0.5,-0.1,-0.9,0.1,1.6,-1.4,-0.5,-0.4,-0.3,-0.3,0.3,0.5,-0.8,-1.0,-0.5,0.1,0.1,-0.1,-0.1,0.7,-0.5,-1.2,0.6,0.4,0.6,1.7,1.2,0.5,0.4,-0.1,-0.6,0.8,0.8,-0.1,1.7,-0.8,-1.5,0.3,-1.7,-0.3,71.3,-0.6,0.2,1.6,0.6,0.8,-0.5,-1.2,-0.4,-0.2,-0.9,-0.4,0.6,-1.5,0.1,1.1,0.1,-0.6,-0.2,-0.1,0.9,-0.5,-0.7,-1.0,1.7,-0.7,0.8,0.8
0.3,1.5,-1.3,-0.1,-1.1,0.8,-1.9,0.5,-1.2,0.3,0.9,0.7,-0.3,1.3,-0.5,0.5,0.9,-1.2,0.1,-0.1,0.2,-1.5,0.8,-0.5,-0.2,0.2,-0.2,-0.1,1.7,0.8,0.1,-0.3,1.2,-1.1,0.6,0.2,1.1,0.1,-0.1,-0.3,-0.9,-1.3,-1.4,0.6,0.2,0.6,-0.8,-1.0,1.1,-0.7,1.6,0.6,1.2,-0.4,-0.9,-0.5,0.9,-0.1,0.5,0.6,-0.9,-0.2,1.2,-0.9,-0.6,0.1,-0.4,-0.2,0.1,-0.5,0.1,-0.6,-0.6,68.6,0.4,-0.1,0.1,-1.2,-0.7,0.3,0.8,-0.9,-1.6,-0.5,0.3,1.6,-0.9,0.8,-0.3,-0.6,1.3,0.6,-0.6,0.6,-0.9,-1.3,-1.5,-0.6,-0.3,0.7
-1.7,1.0,0.5,-0.1,0.1,0.1,-1.3,-0.4,-0.3,-0.8,-1.2,1.8,-1.5,0.5,0.1,-0.7,-1.5,0.8,0.1,1.5,1.2,-1.6,-0.8,-0.4,1.0,-0.3,1.2,1.5,-0.9,1.0,0.6,-0.6,0.6,0.7,0.7,-0.1,0.3,0.1,-0.2,-0.3,-1.2,0.5,-1.5,1.3,-0.9,-1.2,-0.9,0.5,0.1,-1.9,1.1,-0.5,-0.2,0.1,0.1,0.4,-0.4,-0.5,0.1,-1.2,-0.2,-0.9,-0.9,0.1,-1.4,0.1,0.6,0.8,1.2,-0.3,1.2,0.6,0.2,0.4,72.7,1.6,-0.2,0.2,0.2,0.7,1.6,-1.0,0.4,0.2,-1.2,0.5,-0.3,0.2,0.8,1.8,-0.4,-1.6,0.1,-1.5,0.4,-0.8,1.7,1.3,0.1,-0.3
1.4,-0.8,0.7,0.6,-0.6,0.1,0.5,1.2,0.6,0.1,-0.9,-1.4,0.7,-0.6,0.1,0.8,-1.6,-0.2,-0.6,-0.4,-0.2,-1.8,0.8,0.6,0.2,0.1,-0.5,0.1,1.4,0.1,-0.6,-0.5,0.9,0.3,-0.1,-1.4,-0.6,0.8,0.1,0.2,0.2,-0.9,1.2,0.1,-0.7,-0.4,-0.4,0.3,-0.8,1.3,1.4,-1.1,-0.4,0.3,0.4,-0.5,-1.5,-0.7,1.8,1.1,-1.2,0.1,0.7,0.2,-1.3,-0.6,0.6,-0.1,0.3,-0.1,-0.2,-1.0,1.6,-0.1,1.6,68.8,1.9,-0.2,0.5,0.5,1.3,-1.4,1.0,-1.6,-0.1,-0.7,1.7,0.8,0.1,-1.0,-0.9,0.1,-0.2,-0.6,0.2,1.2,-1.3,-0.1,0.9,-0.1
-0.2,-1.6,0.4,1.1,1.6,-0.2,1.0,1.0,-0.8,-0.9,1.6,-1.1,0.5,0.2,1.4,1.0,0.4,-1.5,0.6,-0.7,-0.8,0.8,-1.3,-1.4,-0.8,-0.3,-1.1,0.1,-0.3,-0.1,1.0,0.5,-0.4,-0.7,1.2,0.1,-0.5,1.4,-0.2,0.1,0.4,-0.2,0.5,0.6,-0.2,1.2,-1.2,-0.3,-0.4,-0.7,-0.3,-1.5,-1.0,-0.5,0.1,0.5,0.8,-0.6,-0.6,1.1,-0.5,0.9,-1.2,-1.2,-1.5,-1.0,1.4,-1.0,0.1,-0.2,0.6,0.4,0.6,0.1,-0.2,1.9,70.7,0.1,-0.5,-0.2,0.1,0.9,-0.8,-0.3,-0.2,1.1,1.3,-0.1,1.1,0.8,-1.6,-0.3,-1.4,-1.2,0.1,-1.0,-0.4,-0.4,-0.1,0.3
-0.9,-1.4,0.2,-0.2,-0.9,-0.2,1.2,-0.4,-0.1,0.1,-0.8,1.2,0.4,0.7,0.3,-0.9,-1.5,-1.5,0.3,0.8,-0.6,-0.8,-0.2,-0.6,-1.8,-0.6,0.9,1.4,0.6,-1.6,0.4,1.0,0.1,1.4,-0.1,1.2,0.1,-1.0,1.3,0.1,-0.1,1.9,0.3,-0.4,0.1,-1.5,1.8,0.2,-0.4,0.1,0.4,0.2,0.1,0.8,0.5,0.1,-1.5,-0.7,-0.5,0.5,1.1,0.1,1.4,1.2,-1.6,0.5,0.8,-0.8,-0.8,-0.1,0.6,-0.1,0.8,-1.2,0.2,-0.2,0.1,70.0,-0.4,-0.1,0.1,-1.1,0.5,-1.5,-1.1,-1.1,-0.4,0.8,-0.3,-1.7,0.5,0.6,-1.1,1.5,1.3,-1.0,-0.8,0.3,0.1,-0.2
-0.1,-0.2,-1.5,0.4,-0.5,-1.6,0.2,-1.4,0.2,1.0,-1.6,-0.4,0.6,-0.6,0.1,-0.3,1.7,-0.3,-0.8,0.5,0.6,0.9,1.5,-0.2,0.6,-1.1,0.5,-0.1,0.7,-0.9,-0.6,-0.6,0.9,0.1,-0.9,-0.1,0.1,-1.6,-1.6,-0.1,1.2,0.1,-0.3,0.1,0.3,-1.4,0.3,1.6,0.2,0.7,0.8,0.1,-0.9,-1.8,-0.5,0.5,-0.1,1.8,-0.6,1.0,0.9,-0.1,-1.1,0.5,-0.2,-1.1,0.2,-0.2,-0.3,0.5,0.2,-1.2,-0.5,-0.7,0.2,0.5,-0.5,-0.4,63.3,0.1,-0.7,-0.4,-0.5,-0.3,-0.6,0.5,1.2,1.7,0.2,0.3,-0.3,0.1,-0.1,0.1,0.8,-1.9,-0.7,-0.7,-0.5,0.3
1.5,-0.3,-0.5,-0.7,0.6,1.4,0.1,-0.9,1.2,0.1,-0.3,-0.8,1.3,-0.2,-1.4,0.1,0.1,0.2,-1.1,-0.5,-1.0,-1.0,-0.6,-0.2,-1.1,-1.2,-0.5,-1.5,1.5,0.2,0.2,0.1,0.2,-1.1,0.2,-0.8,0.4,1.2,1.2,1.0,-0.1,1.3,1.0,-0.7,0.3,1.1,-0.4,0.1,0.1,0.2,1.6,-1.7,1.5,0.1,0.6,-0.7,-1.1,-1.7,0.5,1.6,1.0,0.5,-0.3,-0.2,1.1,0.2,-0.6,1.4,-0.2,-0.7,-1.7,0.2,-1.2,0.3,0.7,0.5,-0.2,-0.1,0.1,70.3,-1.1,1.2,-0.3,0.4,0.3,-1.2,-0.5,0.7,0.8,0.4,1.3,-1.0,1.1,-1.0,0.2,0.4,-0.5,0.1,-1.2,0.5
-0.2,0.6,-0.1,-0.3,1.6,-1.0,1.0,-0.2,-0.5,0.1,0.4,-0.6,0.2,1.3,0.1,0.4,0.1,0.3,-0.8,-1.7,-0.1,-1.5,0.2,-0.7,0.4,0.2,1.2,-0.1,-0.5,-1.6,-0.9,1.4,0.1,-1.7,0.4,-1.2,-1.3,-0.2,1.1,-0.3,-0.7,-0.3,-0.3,-0.3,-0.7,1.3,-1.0,-0.6,0.2,-0.5,-0.5,-0.7,-0.2,-0.9,0.2,0.3,0.4,-0.3,-1.5,0.7,0.1,0.9,-0.8,-1.5,-0.6,-0.1,0.4,0.1,-0.1,1.7,-0.2,0.1,-0.4,0.8,1.6,1.3,0.1,0.1,-0.7,-1.1,64.6,-0.3,0.8,-0.5,0.3,-1.5,1.1,-0.2,-1.4,-0.1,0.6,0.7,1.6,0.1,1.4,-0.7,0.7,0.5,-0.1,1.1
-0.6,-0.7,-0.9,0.5,0.3,1.5,-0.4,0.5,0.2,-0.4,0.7,1.8,0.1,-1.7,0.8,0.1,0.1,0.2,0.3,-0.9,0.4,0.8,-0.6,1.2,-0.9,0.6,0.3,-0.3,-0.2,0.4,-1.3,-1.1,1.2,1.1,0.4,0.1,0.7,0.3,-0.1,-0.2,-0.3,0.9,-0.8,-0.1,-0.8,-1.6,-0.5,-1.1,-0.3,0.1,-0.3,1.5,0.4,0.4,1.3,-0.4,-1.0,-0.6,-1.2,0.1,1.1,-0.5,-0.3,1.8,1.0,-0.7,1.4,-0.1,0.8,0.1,0.7,-0.3,-0.2,-0.9,-1.0,-1.4,0.9,-1.1,-0.4,1.2,-0.3,70.2,0.6,-0.2,0.2,-1.9,1.5,-0.7,1.4,0.3,-1.7,-1.4,1.6,0.2,1.4,0.5,0.2,0.1,-1.2,0.3
1.4,1.2,1.5,1.2,0.7,0.1,0.4,1.6,0.1,-0.4,0.6,-0.4,-1.6,-0.9,-0.9,-0.1,-1.0,0.4,0.9,0.1,-0.3,-0.8,-0.8,0.8,-0.5,0.3,-1.4,-0.8,0.6,0.5,-0.4,-0.1,0.9,0.2,-0.2,0.3,0.4,1.8,0.2,-1.9,-0.8,-0.7,-0.6,-1.1,-0.1,-0.6,1.2,0.9,-0.4,-0.4,1.4,0.8,-0.1,1.2,0.1,-0.5,0.8,0.9,-0.9,0.1,0.4,-0.3,0.2,-1.1,1.2,0.3,-1.0,-1.2,0.9,0.4,0.9,0.2,-0.9,-1.6,0.4,1.0,-0.8,0.5,-0.5,-0.3,0.8,0.6,68.2,-0.1,0.9,0.4,-0.4,-0.4,1.4,-0.6,-0.8,0.5,0.6,-0.4,0.8,0.7,0.1,1.7,-0.3,0.3
1.3,-0.8,0.6,-1.1,0.2,0.2,-0.4,-0.2,0.8,-0.1,-1.1,-0.4,0.9,0.2,1.2,0.9,-0.4,0.2,0.6,-0.1,1.8,0.3,0.3,-0.5,0.6,-0.8,-0.7,-1.3,-0.2,0.2,0.1,0.5,-0.9,-1.7,0.4,0.7,0.1,0.6,0.8,1.6,0.1,1.0,0.7,-0.5,-1.2,1.2,0.1,-1.1,-1.5,0.2,0.2,0.9,-0.6,1.1,1.2,0.1,-1.1,-0.5,-0.6,0.3,-0.3,1.0,0.1,1.7,-0.2,-1.2,1.8,-0.5,-1.4,-0.5,1.0,1.3,-0.4,-0.5,0.2,-1.6,-0.3,-1.5,-0.3,0.4,-0.5,-0.2,-0.1,68.5,0.3,-0.5,-1.7,-0.7,0.3,-0.7,-0.1,-0.2,0.7,-0.4,0.6,1.4,1.1,-0.6,0.5,-1.7
1.1,-0.2,0.9,1.7,-1.0,-0.6,1.5,0.9,0.8,0.5,-0.5,0.2,0.2,0.5,0.9,-0.5,0.6,-0.1,1.1,-0.1,-0.7,-0.5,-0.9,-0.4,1.0,1.8,1.0,-0.8,-0.8,0.3,0.4,1.3,1.0,1.0,0.1,-0.4,-0.6,-0.5,0.8,-0.4,1.4,-0.9,-0.2,1.4,-1.1,-0.1,-1.1,-0.7,-0.5,0.1,1.2,-1.0,0.5,0.7,0.1,1.3,-0.3,0.1,-0.6,0.1,-0.7,-0.1,0.7,1.8,-0.3,1.8,0.4,-0.9,-0.5,-0.3,0.5,-1.0,0.6,0.3,-1.2,-0.1,-0.2,-1.1,-0.6,0.3,0.3,0.2,0.9,0.3,63.3,0.3,-0.6,-0.8,-0.7,0.1,1.1,0.3,0.2,0.1,0.4,-0.6,0.3,-0.1,0.4,-0.2
0.6,1.1,-0.2,-0.1,-0.6,-0.8,-0.1,1.1,-1.3,-0.3,-0.2,-0.1,1.1,0.2,-0.1,-1.6,0.1,0.5,0.8,0.3,0.4,0.1,1.2,1.1,-0.9,-0.6,0.7,-1.5,0.6,0.1,0.1,-0.1,-1.3,1.6,0.3,-0.2,-1.3,-0.5,0.4,0.3,0.2,1.2,0.2,1.4,1.1,-1.3,0.1,-0.6,0.2,-0.7,-1.3,-0.1,-0.2,1.3,0.3,0.7,-0.6,0.3,1.7,-1.8,-0.4,-0.5,0.4,-1.1,-0.5,0.1,0.4,0.1,-0.5,-0.9,0.8,1.2,-1.5,1.6,0.5,-0.7,1.1,-1.1,0.5,-1.2,-1.5,-1.9,0.4,-0.5,0.3,68.5,-1.1,1.1,0.4,0.9,0.1,-0.1,-0.9,0.4,0.3,-1.7,-0.3,-0.5,-0.8,0.4
1.6,0.8,1.0,0.7,-0.3,0.2,0.7,0.1,1.0,-0.6,0.8,-0.1,0.3,0.6,0.9,-0.2,1.4,-0.2,-0.4,1.1,-0.5,-1.2,1.1,0.1,0.2,1.8,-0.7,-0.5,-0.8,0.6,-0.6,0.2,-0.7,1.7,0.6,-0.8,0.8,0.5,0.6,-1.3,0.7,-0.7,-0.2,-0.8,0.1,0.8,-0.3,-1.1,-0.1,0.1,-0.4,0.5,-0.4,0.9,0.9,1.2,-0.5,-0.1,-0.8,-0.7,-0.3,1.1,0.6,-0.8,1.7,-0.5,0.1,-0.8,-0.4,0.3,0.1,1.8,0.1,-0.9,-0.3,1.7,1.3,-0.4,1.2,-0.5,1.1,1.5,-0.4,-1.7,-0.6,-1.1,69.3,1.5,0.1,1.6,0.4,0.3,-0.3,-1.3,-0.1,0.1,1.3,0.8,-0.3,0.3
-1.8,0.6,0.5,0.6,-0.3,0.8,1.5,0.4,0.3,0.3,-0.2,-0.1,-0.1,1.3,0.9,0.8,-0.4,-0.1,-0.1,-0.6,0.1,-0.7,1.2,-0.5,-1.0,0.1,0.6,1.7,0.1,1.4,0.6,-0.4,0.8,-0.2,-1.2,1.7,0.7,0.7,0.1,0.8,-0.1,-0.7,-0.2,0.3,-1.3,0.7,0.2,-0.7,-0.9,0.9,-1.1,0.4,-0.1,-1.1,1.1,0.2,0.1,0.7,-0.9,1.2,-1.1,-0.3,1.3,0.4,0.6,1.3,-1.7,-0.8,-0.9,-0.2,-0.2,-0.9,1.1,0.8,0.2,0.8,-0.1,0.8,1.7,0.7,-0.2,-0.7,-0.4,-0.7,-0.8,1.1,1.5,66.5,-0.5,1.0,0.6,-0.2,-0.3,-0.6,-0.2,-0.7,0.2,-0.8,0.3,-0.6
-0.1,-1.3,0.8,1.5,-1.7,0.1,0.4,0.5,0.1,0.1,-0.9,-0.2,0.7,-0.4,-1.1,-1.3,-1.3,-0.5,-1.1,1.1,-1.3,-0.1,-0.4,1.2,0.4,-0.7,0.4,0.1,0.7,1.0,-0.3,-1.8,1.1,1.1,0.6,1.3,-0.1,1.1,0.4,-0.1,0.4,-0.9,1.1,1.3,0.3,-0.2,0.1,-1.2,-0.4,-0.2,0.2,-0.7,-0.2,-0.5,-0.2,-1.1,0.6,0.5,0.2,0.2,-0.1,1.3,0.1,0.5,-0.3,0.1,-0.4,1.7,1.7,0.9,-0.9,1.5,0.1,-0.3,0.8,0.1,1.1,-0.3,0.2,0.8,-1.4,1.4,1.4,0.3,-0.7,0.4,0.1,-0.5,67.7,0.3,-1.6,1.1,1.0,0.2,-1.0,0.7,1.0,0.8,-0.5,0.2
-0.1,-1.8,-0.8,0.6,-1.7,-0.8,-0.1,-0.1,0.4,0.7,1.1,1.0,-0.5,0.5,1.0,0.1,-0.7,1.1,-0.3,0.9,0.2,-0.8,-1.7,-1.1,0.2,-0.7,0.2,-1.3,-0.4,-0.9,0.7,-0.3,-0.2,-1.6,-0.2,1.2,0.6,1.0,-0.5,-0.7,-0.7,-1.4,0.4,0.8,-1.5,0.6,0.2,1.4,0.6,-0.7,-0.8,-1.6,0.4,-1.8,0.1,0.4,0.6,1.5,0.4,-1.1,-1.5,0.3,0.2,-1.9,0.3,0.5,1.4,0.1,-1.5,-1.1,-0.7,-0.3,-0.6,-0.6,1.8,-1.0,0.8,-1.7,0.3,0.4,-0.1,0.3,-0.6,-0.7,0.1,0.9,1.6,1.0,0.3,75.4,0.6,0.7,-0.2,0.1,-0.9,-1.2,-0.1,0.7,-1.9,-0.6
-0.1,0.3,0.5,-0.4,-0.4,0.1,-1.3,-0.8,-0.4,1.1,0.2,0.4,1.0,-0.3,-1.1,-0.3,-1.0,-1.2,-1.0,0.8,0.1,-0.4,-0.8,-0.5,1.7,1.2,1.5,0.7,0.9,-0.8,0.5,-1.2,0.1,0.9,-0.3,0.9,-0.2,0.5,0.8,0.1,-0.2,-0.2,-1.5,1.1,-1.2,-1.3,-0.3,0.1,-1.8,-0.8,0.4,-1.2,-0.2,0.1,-0.1,0.9,0.5,0.2,0.8,-0.9,0.6,-0.4,1.7,-0.5,-0.7,0.4,-0.3,-0.1,0.4,-1.6,-0.2,0.2,-0.2,1.3,-0.4,-0.9,-1.6,0.5,-0.3,1.3,0.6,-1.7,-0.8,-0.1,1.1,0.1,0.4,0.6,-1.6,0.6,67.6,0.3,0.1,1.1,-0.9,-0.1,-1.3,-0.2,-1.3,-0.5
-0.6,0.5,0.7,-0.9,-1.5,-0.7,-0.2,-1.1,-0.1,0.4,1.2,0.9,-0.3,0.8,1.1,0.4,-1.8,0.7,-0.2,-0.9,0.1,-0.2,-0.1,-0.8,-1.2,-1.7,-0.2,-0.9,1.1,0.1,-0.1,0.8,-0.4,0.6,0.3,1.3,-0.6,-0.4,-1.4,-0.4,-0.5,-0.1,0.5,-1.9,-0.2,1.0,1.2,1.0,0.1,1.4,-1.3,1.4,-1.4,0.8,-0.7,-1.3,1.6,-0.2,0.3,0.2,-0.3,0.6,0.5,-1.2,-1.1,-0.5,-0.5,-0.7,0.6,0.6,-0.8,-0.1,-0.1,0.6,-1.6,0.1,-0.3,0.6,0.1,-1.0,0.7,-1.4,0.5,-0.2,0.3,-0.1,0.3,-0.2,1.1,0.7,0.3,70.9,-1.8,-0.5,-1.5,0.5,-1.8,-1.2,-1.0,0.1
0.5,-1.1,0.9,-1.4,0.2,0.4,1.4,0.6,0.7,1.5,-0.2,0.1,-1.5,0.1,0.8,1.1,1.1,-0.9,0.1,-0.9,-0.6,-0.1,1.5,-1.1,0.8,0.9,1.0,-1.5,0.1,1.9,-0.6,-0.2,0.4,-0.1,0.2,-0.2,0.3,-1.3,-1.8,-1.6,-0.1,-0.6,0.4,-0.7,-0.6,0.1,-1.0,0.1,1.0,-0.4,-1.4,0.1,-1.3,0.6,-1.1,-1.0,-0.8,-0.4,-0.5,-1.7,-0.2,0.2,0.4,0.6,0.7,-0.3,-0.5,0.7,-0.4,-0.4,0.8,-0.3,0.9,-0.6,0.1,-0.2,-1.4,-1.1,-0.1,1.1,1.6,1.6,0.6,0.7,0.2,-0.9,-0.3,-0.3,1.0,-0.2,0.1,-1.8,73.4,0.4,0.9,0.8,1.3,1.6,1.9,-0.6
0.1,-1.1,-0.6,1.3,0.4,0.3,-0.1,0.1,-0.9,0.3,-0.1,0.7,-1.1,-0.8,-1.5,0.1,-0.6,-0.7,0.7,-1.5,1.1,0.4,0.1,0.2,0.7,-1.3,-0.1,-0.7,-1.2,-0.1,-0.3,-1.3,-0.8,0.1,0.6,1.0,-0.8,0.7,-0.8,-0.3,-0.6,1.5,0.9,0.1,0.4,-0.2,1.8,-0.5,0.1,-0.9,0.7,-0.4,-0.5,-0.2,0.4,-1.0,-0.5,-0.9,0.4,0.1,-1.0,0.7,-0.2,1.4,0.4,1.3,0.1,0.2,-1.0,-1.1,-0.3,0.2,-0.5,0.6,-1.5,-0.6,-1.2,1.5,0.1,-1.0,0.1,0.2,-0.4,-0.4,0.1,0.4,-1.3,-0.6,0.2,0.1,1.1,-0.5,0.4,62.0,1.8,-0.2,0.1,0.2,-0.7,0.6
-0.5,-1.0,0.8,0.6,1.1,0.1,1.1,0.3,0.8,0.1,0.5,0.4,1.4,-1.2,1.3,-0.4,0.3,1.1,-1.0,0.1,-0.1,1.1,-1.2,0.1,0.2,1.2,0.7,0.9,0.3,-0.6,0.5,-0.8,0.1,1.4,-0.3,0.3,0.3,-0.4,0.7,0.1,-0.6,-0.4,-0.2,-0.5,1.4,-0.7,0.1,0.4,-0.2,-0.7,0.3,0.1,-0.3,-0.9,-0.3,-0.2,-1.6,1.1,0.8,1.3,1.0,0.1,0.4,0.1,-1.9,-1.2,-0.7,0.6,-0.3,0.6,0.2,0.5,-0.7,-0.9,0.4,0.2,0.1,1.3,0.8,0.2,1.4,1.4,0.8,0.6,0.4,0.3,-0.1,-0.2,-1.0,-0.9,-0.9,-1.5,0.9,1.8,65.8,-1.3,-1.1,-0.5,0.5,0.5
-1.2,1.2,0.1,0.7,-0.6,-0.5,-0.1,0.7,-1.0,-0.2,-0.2,-1.0,0.1,-0.2,-0.4,0.1,0.5,0.4,-1.7,-0.7,1.0,0.9,0.4,0.4,0.2,0.2,0.4,-0.9,-0.4,-0.9,0.1,-0.2,-0.1,0.8,0.3,-1.8,0.3,1.4,1.8,0.7,-0.3,-1.0,-0.5,-0.8,0.9,-0.4,0.4,-0.4,0.5,-1.4,-1.1,0.1,0.2,0.5,0.5,0.8,0.3,-0.1,0.8,1.0,1.9,-0.3,0.1,-0.3,0.8,0.4,-0.6,-0.2,-0.1,0.6,0.4,0.9,-1.0,-1.3,-0.8,1.2,-1.0,-1.0,-1.9,0.4,-0.7,0.5,0.7,1.4,-0.6,-1.7,0.1,-0.7,0.7,-1.2,-0.1,0.5,0.8,-0.2,-1.3,67.5,-1.8,0.1,-0.5,1.9
-0.7,0.7,0.4,-1.2,1.2,1.4,-1.2,0.1,0.9,-0.3,-0.2,0.2,0.1,-0.1,0.2,0.6,-0.8,0.9,0.8,0.1,-0.6,0.6,-0.6,0.7,-0.2,1.1,0.3,0.3,0.4,0.3,-0.7,-0.2,0.5,0.7,0.7,0.2,-1.6,0.2,1.7,-1.6,-0.5,-0.5,0.6,1.1,-0.3,-0.4,-0.1,-0.9,0.9,-0.9,0.2,-1.0,1.9,-1.1,-1.6,-0.4,-0.5,0.8,0.4,0.1,-0.4,-1.6,-1.6,0.5,0.1,0.8,1.1,0.2,-1.7,0.6,0.3,0.4,1.7,-1.5,1.7,-1.3,-0.4,-0.8,-0.7,-0.5,0.7,0.2,0.1,1.1,0.3,-0.3,1.3,0.2,1.0,-0.1,-1.3,-1.8,1.3,0.1,-1.1,-1.8,71.4,0.3,0.8,-0.2
0.4,-0.9,1.8,-1.0,-0.4,0.9,-0.1,0.1,1.8,-0.5,-0.5,1.6,0.9,1.5,1.3,-0.7,-0.5,1.0,-0.8,0.9,0.1,-1.0,-0.5,0.6,0.5,0.3,-0.5,-0.1,0.4,-1.2,0.6,0.8,-0.4,-0.3,1.6,0.6,0.2,-0.7,1.4,0.6,0.9,-1.3,-0.4,0.2,-0.3,-0.4,-0.7,-0.1,-1.5,-0.6,0.8,-0.7,0.9,-1.1,-0.8,1.2,-0.1,-0.3,0.8,-0.1,-1.2,-1.1,-0.1,1.0,0.9,1.8,0.2,0.9,0.4,1.0,0.7,-1.0,-0.7,-0.6,1.3,-0.1,-0.4,0.3,-0.7,0.1,0.5,0.1,1.7,-0.6,-0.1,-0.5,0.8,-0.8,0.8,0.7,-0.2,-1.2,1.6,0.2,-0.5,0.1,0.3,70.4,0.6,-1.4
1.5,-0.4,0.1,0.4,0.3,-0.5,1.0,0.3,-0.8,-0.8,0.1,0.8,0.1,1.4,0.7,1.3,-1.0,0.7,-0.4,0.5,-0.2,0.5,-0.1,-1.5,0.5,-0.6,-0.7,0.4,-0.2,-0.7,0.3,-1.7,0.3,-1.0,0.6,-0.4,-0.8,-0.7,-0.5,-0.5,-1.4,-0.2,-0.2,-1.1,1.6,1.1,-1.8,-1.0,1.4,-0.1,0.8,-1.6,-0.3,0.7,1.0,-1.8,0.6,0.2,-0.5,1.1,0.1,-0.5,-0.6,-0.4,-1.0,0.6,0.5,0.6,-1.0,0.4,-0.7,0.3,0.8,-0.3,0.1,0.9,-0.1,0.1,-0.5,-1.2,-0.1,-1.2,-0.3,0.5,0.4,-0.8,-0.3,0.3,-0.5,-1.9,-1.3,-1.0,1.9,-0.7,0.5,-0.5,0.8,0.6,68.3,0.2
-0.2,-1.1,-0.1,-0.3,-1.5,-0.1,0.3,-1.7,-0.9,0.1,-1.0,0.7,-0.4,-1.3,-0.1,0.1,-0.8,-0.7,0.2,-0.4,-0.4,0.3,1.8,-0.3,0.4,0.5,-1.1,0.1,0.6,-1.1,1.4,1.3,0.6,0.1,1.3,0.4,0.7,0.8,-0.4,-1.4,-0.2,-0.8,0.2,0.6,0.5,0.8,-0.9,-0.7,-0.7,-1.1,-1.0,0.1,0.1,0.6,0.2,-0.1,0.4,0.4,1.4,-1.0,0.2,0.8,1.3,0.5,1.5,0.1,1.0,0.1,-0.7,0.1,0.6,-0.2,0.8,0.7,-0.3,-0.1,0.3,-0.2,0.3,0.5,1.1,0.3,0.3,-1.7,-0.2,0.4,0.3,-0.6,0.2,-0.6,-0.5,0.1,-0.6,0.6,0.5,1.9,-0.2,-1.4,0.2,60.8
